similarity,file_a,file_b,tier
1.0,docs\interview-prep\EY_AI_Architect_Interview_Guide.pdf,docs\interview-prep\EY_AI_Architect_Interview_Guide_1.pdf,near-duplicate (merge/delete one)
1.0,docs\ai-foundations\AI_Native_Architecture_Evolution_Report.pdf,docs\knowledge-engineering\data\AI_Native_Architecture_Evolution_Report.pdf,near-duplicate (merge/delete one)
0.983,docs\ai-protocols\mcp\MCP_Deep_Research_2026.md,docs\ai-protocols\mcp\MCP_Deep_Research_2026.md.pdf,near-duplicate (merge/delete one)
0.97,docs\ai-protocols\auth\EntraID_3LO_Agent_Auth_Volume3.pdf,docs\ai-protocols\auth\entra-3lo-agent-auth-multiagent-compliance.md,near-duplicate (merge/delete one)
0.952,docs\ai-protocols\auth\EntraID_3LO_Agent_Auth_Volume4.pdf,docs\ai-protocols\auth\entra-3lo-agent-auth-security-review.md,near-duplicate (merge/delete one)
0.949,docs\ai-protocols\auth\EntraID_3LO_Agent_Auth_Research.pdf,docs\ai-protocols\auth\entra-3lo-agent-auth-standards-architecture.md,near-duplicate (merge/delete one)
0.944,docs\ai-protocols\auth\EntraID_3LO_Agent_Auth_Volume2.pdf,docs\ai-protocols\auth\entra-3lo-agent-auth-implementation.md,near-duplicate (merge/delete one)
0.938,docs\ai-usecases\eu-bank-ai-copilot-complete.pdf,docs\ai-usecases\eu-bank-ai-copilot-research.pdf,near-duplicate (merge/delete one)
0.896,docs\enterprise-architecture\framework\TOGAF10_APEX_AI_Platform_NexaBank.pdf,docs\enterprise-architecture\framework\TOGAF10_APEX_CloudNative_GlobalCorp.pdf,near-duplicate (merge/delete one)
0.89,docs\ai-protocols\auth\AgentIdentity_Research_2026.pdf,docs\ai-protocols\auth\agent-identity-entra-vs-awsagentcore.md,near-duplicate (merge/delete one)
0.888,docs\ai-protocols\auth\Part2_Tool_Authentication.pdf,docs\ai-protocols\auth\tool-authentication-connectors.md,near-duplicate (merge/delete one)
0.855,docs\ai-usecases\Mental_Model_Encyclopedia.pdf,docs\ai-usecases\Strategic_Thinking_Handbook.pdf,near-duplicate (merge/delete one)
0.83,docs\enterprise-architecture\framework\TOGAF10_APEX_CloudNative_GlobalCorp.pdf,docs\enterprise-architecture\specialization\APEX_EA_Final.pdf,heavy overlap (consolidate)
0.829,docs\enterprise-architecture\framework\Enterprise_AI_Architect_Communication_Guide.pdf,docs\enterprise-architecture\process\Enterprise_AI_Architect_Deep_Dive_Guide.pdf,heavy overlap (consolidate)
0.783,docs\enterprise-architecture\framework\TOGAF10_APEX_v4_PeerReviewed.pdf,docs\enterprise-architecture\specialization\APEX_EA_Final.pdf,heavy overlap (consolidate)
0.774,docs\cloud-platforms\ai-gateway\kong-ai-gateway-auth-guide.md,docs\cloud-platforms\ai-gateway\kong-ai-gateway-guide.md,heavy overlap (consolidate)
0.758,docs\quantum\Quantum_AI_Consultancies_Report.pdf,docs\quantum\Quantum_AI_TechGiants_Report.pdf,heavy overlap (consolidate)
0.753,docs\coding-tools\claude\Module_2_Claude_API_SDK.pdf,docs\coding-tools\claude\claude-api-mastery.md,heavy overlap (consolidate)
0.747,docs\enterprise-architecture\framework\TOGAF10_APEX_AI_Platform_NexaBank.pdf,docs\enterprise-architecture\specialization\APEX_EA_Final.pdf,heavy overlap (consolidate)
0.743,docs\quantum\Quantum_AI_Startups_Report.pdf,docs\quantum\Quantum_AI_TechGiants_Report.pdf,heavy overlap (consolidate)
0.734,docs\quantum\Quantum_AI_TechGiants_Report.pdf,docs\quantum\zero-to-mastery.md,heavy overlap (consolidate)
0.716,docs\quantum\Quantum_AI_Consultancies_Report.pdf,docs\quantum\Quantum_AI_Startups_Report.pdf,heavy overlap (consolidate)
0.715,docs\ai-protocols\Part7_Standards_Reference.pdf,docs\ai-protocols\auth\Part3_Identity_OBO_Sessions.pdf,heavy overlap (consolidate)
0.689,docs\ai-protocols\auth\Part2_Tool_Authentication.pdf,docs\ai-protocols\auth\Part3_Identity_OBO_Sessions.pdf,heavy overlap (consolidate)
0.679,docs\quantum\IBM_Associate_Quantum_CertGuide.pdf,docs\quantum\IBM_Developer_Quantum_CertGuide.pdf,heavy overlap (consolidate)
0.669,docs\enterprise-architecture\framework\TOGAF10_APEX_CloudNative_GlobalCorp.pdf,docs\enterprise-architecture\framework\TOGAF10_APEX_v4_PeerReviewed.pdf,heavy overlap (consolidate)
0.657,docs\ai-protocols\auth\EntraID_3LO_Agent_Auth_Research.pdf,docs\ai-protocols\auth\EntraID_3LO_Agent_Auth_Volume2.pdf,heavy overlap (consolidate)
0.656,docs\quantum\index.md,docs\quantum\zero-to-mastery.md,heavy overlap (consolidate)
0.655,docs\quantum\Quantum_AI_TechGiants_Report.pdf,docs\quantum\index.md,heavy overlap (consolidate)
0.651,docs\quantum\Quantum_AI_Consultancies_Report.pdf,docs\quantum\index.md,heavy overlap (consolidate)
0.648,docs\ai-usecases\CEO_Agent_Solution_Blueprint.pdf,docs\ai-usecases\ceo_agent_pitch.pdf,heavy overlap (consolidate)
0.638,docs\ai-protocols\auth\EntraID_3LO_Agent_Auth_Research.pdf,docs\ai-protocols\auth\EntraID_3LO_Agent_Auth_Volume3.pdf,heavy overlap (consolidate)
0.636,docs\quantum\Quantum_AI_Consultancies_Report.pdf,docs\quantum\zero-to-mastery.md,heavy overlap (consolidate)
0.636,docs\ai-development\testing\AI Agent Evaluation Framework — AWS Bedrock AgentCore · Strands · Arize Phoenix.pdf,docs\ai-development\testing\AI_Agent_Evaluation_Framework_Guide.md,heavy overlap (consolidate)
0.634,docs\ai-protocols\auth\EntraID_3LO_Agent_Auth_Volume2.pdf,docs\ai-protocols\auth\entra-3lo-agent-auth-standards-architecture.md,heavy overlap (consolidate)
0.63,docs\ai-first-enterprise\ai-first-to-ai-native.md,docs\sovereign-constitutional-ai\sovereign-ai-roadmap-maturity.md,heavy overlap (consolidate)
0.627,docs\ai-protocols\auth\EntraID_3LO_Agent_Auth_Research.pdf,docs\ai-protocols\auth\entra-3lo-agent-auth-multiagent-compliance.md,heavy overlap (consolidate)
0.625,docs\quantum\Quantum_AI_Startups_Report.pdf,docs\quantum\zero-to-mastery.md,heavy overlap (consolidate)
0.624,docs\ai-protocols\auth\entra-3lo-agent-auth-multiagent-compliance.md,docs\ai-protocols\auth\entra-3lo-agent-auth-standards-architecture.md,heavy overlap (consolidate)
0.622,docs\coding-tools\github-copilot\Part01_Vision_Copilot_Architecture_RepoIntelligence.pdf,docs\coding-tools\github-copilot\Part04_RAG_Agents_Models_Platform.pdf,heavy overlap (consolidate)
0.622,docs\ai-protocols\Part1_Industry_Survey.pdf,docs\ai-protocols\auth\Part3_Identity_OBO_Sessions.pdf,heavy overlap (consolidate)
0.62,docs\cloud-platforms\kubernetes\K8s_Handbook_Part4_Kubernetes_Internals.pdf,docs\cloud-platforms\kubernetes\K8s_Handbook_Part5_Kubernetes_Resources.pdf,heavy overlap (consolidate)
0.62,docs\cloud-platforms\ai-gateway\kong-ai-gateway-auth-guide.md,docs\cloud-platforms\ai-gateway\kong-entra-id-integration.md,heavy overlap (consolidate)
0.619,docs\interview-prep\ea\EA_Interview_Handbook.pdf,docs\interview-prep\ea\EA_Interview_Handbook_DELTA.pdf,heavy overlap (consolidate)
0.615,docs\ai-protocols\auth\Part3_Identity_OBO_Sessions.pdf,docs\ai-security-governance\security\Part4_Runtime_Security_Governance.pdf,heavy overlap (consolidate)
0.614,docs\ai-protocols\protocol\index.md,docs\coding-tools\enterprise-ai-architect\agent-interoperability-orchestration.md,heavy overlap (consolidate)
0.611,docs\cloud-platforms\ai-gateway\kong-ai-gateway-guide.md,docs\cloud-platforms\ai-gateway\kong-entra-id-integration.md,heavy overlap (consolidate)
0.611,docs\ai-security-governance\security\Part4_Runtime_Security_Governance.pdf,docs\ai-usecases\Part6_Banking_Case_Study.pdf,heavy overlap (consolidate)
0.61,docs\ai-protocols\auth\EntraID_3LO_Agent_Auth_Volume3.pdf,docs\ai-protocols\auth\entra-3lo-agent-auth-standards-architecture.md,heavy overlap (consolidate)
0.609,docs\ai-protocols\Part7_Standards_Reference.pdf,docs\ai-protocols\auth\Part2_Tool_Authentication.pdf,heavy overlap (consolidate)
0.608,docs\ai-economics\AI-Value-Creator-Deliverables-Pack.pdf,docs\ai-economics\Agentic-AI-Use-Case-Value-Lifecycle.pdf,heavy overlap (consolidate)
0.606,docs\enterprise-architecture\framework\EA_Soft_Skills_Interview_Master_Guide.pdf,docs\interview-prep\ea\EA_Interview_Master_Guide.pdf,heavy overlap (consolidate)
0.605,docs\enterprise-architecture\framework\TOGAF10_APEX_AI_Platform_NexaBank.pdf,docs\enterprise-architecture\framework\TOGAF10_APEX_v4_PeerReviewed.pdf,heavy overlap (consolidate)
0.605,docs\ai-usecases\eu-bank-ai-copilot-architecture.docx,docs\ai-usecases\eu-bank-ai-copilot-complete.pdf,heavy overlap (consolidate)
0.604,docs\coding-tools\github-copilot\Part02_GitHub_Architecture_and_Actions.pdf,docs\coding-tools\github-copilot\Part18_Ecosystem_Patterns_Labs.pdf,heavy overlap (consolidate)
0.604,docs\ai-protocols\auth\Part3_Identity_OBO_Sessions.pdf,docs\ai-usecases\Part6_Banking_Case_Study.pdf,heavy overlap (consolidate)
0.603,docs\ai-protocols\Part5_Marketplace_Architecture.pdf,docs\ai-protocols\auth\Part2_Tool_Authentication.pdf,heavy overlap (consolidate)
0.601,docs\workflow-orchestration\01-executive-summary.md,docs\workflow-orchestration\21-future-predictions.md,heavy overlap (consolidate)
0.601,docs\ai-usecases\eu-bank-ai-copilot-architecture.docx,docs\ai-usecases\eu-bank-ai-copilot-research.pdf,heavy overlap (consolidate)
0.597,docs\coding-tools\github-copilot\Part04_RAG_Agents_Models_Platform.pdf,docs\coding-tools\github-copilot\Part07_Prompts_Evaluation_Spark_Infrastructure.pdf,moderate overlap (review)
0.595,docs\ai-protocols\Part1_Industry_Survey.pdf,docs\ai-protocols\Part5_Marketplace_Architecture.pdf,moderate overlap (review)
0.595,docs\agentic-systems\harness\Harness_Engineering_AI_Agents_and_Vendor_Landscape.pdf,docs\agentic-systems\harness\Harness_Engineering_Research_Report.pdf,moderate overlap (review)
0.594,docs\workflow-orchestration\01-executive-summary.md,docs\workflow-orchestration\02-evolution-timeline.md,moderate overlap (review)
0.59,docs\coding-tools\code-review\PR_Review_Handbook_Vol1_Traditional_Review.pdf,docs\coding-tools\code-review\PR_Review_Handbook_Vol2_Deep_Domain_Reviews.pdf,moderate overlap (review)
0.589,docs\coding-tools\github-copilot\Part11_CICD_Secrets_Security.pdf,docs\coding-tools\github-copilot\Part18_Ecosystem_Patterns_Labs.pdf,moderate overlap (review)
0.589,docs\coding-tools\claude\Module_2_Claude_API_SDK.pdf,docs\coding-tools\claude\prompt-engineering-claude-4.md,moderate overlap (review)
0.587,docs\coding-tools\claude\claude-api-mastery.md,docs\coding-tools\claude\prompt-engineering-claude-4.md,moderate overlap (review)
0.586,docs\ai-protocols\Part7_Standards_Reference.pdf,docs\ai-security-governance\security\Part4_Runtime_Security_Governance.pdf,moderate overlap (review)
0.585,docs\agentic-ui\agui-standards-landscape.md,docs\agentic-ui\index.md,moderate overlap (review)
0.581,docs\cloud-platforms\kubernetes\K8s_Handbook_Part5_Kubernetes_Resources.pdf,docs\cloud-platforms\kubernetes\K8s_Handbook_Part8_Security.pdf,moderate overlap (review)
0.581,docs\ai-development\testing\AI_Agent_Evaluation_Framework_Complete.pdf,docs\ai-usecases\EU_Banking_AI_Evaluation_Compliance_Guide.md,moderate overlap (review)
0.577,docs\sovereign-constitutional-ai\index.md,docs\sovereign-constitutional-ai\sovereign-ai-roadmap-maturity.md,moderate overlap (review)
0.576,docs\ai-protocols\Part5_Marketplace_Architecture.pdf,docs\ai-protocols\auth\Part3_Identity_OBO_Sessions.pdf,moderate overlap (review)
0.574,docs\coding-tools\github-copilot\GitHub_Copilot_Enterprise_Research_2026.pdf,docs\coding-tools\github-copilot\github-copilot-zero-to-hero.md,moderate overlap (review)
0.574,docs\cloud-platforms\kubernetes\K8s_Handbook_Part1_Infrastructure_Evolution.pdf,docs\cloud-platforms\kubernetes\K8s_Handbook_Part3_Containers.pdf,moderate overlap (review)
0.574,docs\agentic-systems\ai-msf-requirements-runbook.pdf,docs\agentic-systems\platform\ai-platform-factory-runbook-v2.pdf,moderate overlap (review)
0.573,docs\coding-tools\enterprise-ai-architect\enterprise-ai-governance-compliance.md,docs\cybersec-architect\08-ai-governance.md,moderate overlap (review)
0.572,docs\cloud-platforms\aws\AWS_Strands_AgentCore_Delta_Supplement_v2.pdf,docs\cloud-platforms\aws\index.md,moderate overlap (review)
0.57,docs\ai-protocols\auth\entra-3lo-agent-auth-implementation.md,docs\ai-protocols\auth\entra-3lo-agent-auth-standards-architecture.md,moderate overlap (review)
0.564,docs\coding-tools\github-copilot\Part04_RAG_Agents_Models_Platform.pdf,docs\coding-tools\github-copilot\Part11_Security_Governance.pdf,moderate overlap (review)
0.563,docs\coding-tools\github-copilot\Part02_GitHub_Architecture_and_Actions.pdf,docs\coding-tools\github-copilot\Part11_CICD_Secrets_Security.pdf,moderate overlap (review)
0.563,docs\cloud-platforms\kubernetes\K8s_Handbook_Part12_Agentic_AI.pdf,docs\cloud-platforms\kubernetes\K8s_Handbook_Part5_Kubernetes_Resources.pdf,moderate overlap (review)
0.562,docs\interview-prep\EA_Quality_Resilience_Testing_Interview_Questions.md,docs\interview-prep\EA_Senior_Interview_Questions.md,moderate overlap (review)
0.56,docs\ai-security-governance\policy\Vol2_Identity_Claims_Policy.pdf,docs\ai-security-governance\policy\Vol5_AWS_Implementation_Governance.pdf,moderate overlap (review)
0.559,docs\cloud-platforms\kubernetes\K8s_Handbook_Part5_Kubernetes_Resources.pdf,docs\cloud-platforms\kubernetes\K8s_Handbook_Part9_Platform_Engineering.pdf,moderate overlap (review)
0.559,docs\ai-protocols\auth\EntraID_3LO_Agent_Auth_Volume3.pdf,docs\ai-protocols\auth\EntraID_3LO_Agent_Auth_Volume4.pdf,moderate overlap (review)
0.557,docs\ai-protocols\Part1_Industry_Survey.pdf,docs\ai-protocols\auth\Part2_Tool_Authentication.pdf,moderate overlap (review)
0.556,docs\ai-protocols\Part1_Industry_Survey.pdf,docs\ai-usecases\Part6_Banking_Case_Study.pdf,moderate overlap (review)
0.555,docs\coding-tools\github-copilot\Part01_Vision_Copilot_Architecture_RepoIntelligence.pdf,docs\coding-tools\github-copilot\Part07_Prompts_Evaluation_Spark_Infrastructure.pdf,moderate overlap (review)
0.555,docs\coding-tools\claude\Module_1_Claude_Foundations.pdf,docs\coding-tools\claude\claude-models-2026.md,moderate overlap (review)
0.555,docs\ai-protocols\auth\EntraID_3LO_Agent_Auth_Research.pdf,docs\ai-protocols\auth\entra-3lo-agent-auth-implementation.md,moderate overlap (review)
0.554,docs\quantum\Quantum_AI_Startups_Report.pdf,docs\quantum\index.md,moderate overlap (review)
0.552,docs\ai-protocols\auth\EntraID_3LO_Agent_Auth_Volume3.pdf,docs\ai-protocols\auth\entra-3lo-agent-auth-security-review.md,moderate overlap (review)
0.551,docs\cloud-platforms\kubernetes\K8s_Handbook_Part3_Containers.pdf,docs\cloud-platforms\kubernetes\K8s_Handbook_Part8_Security.pdf,moderate overlap (review)
0.551,docs\ai-security-governance\security\01-Foundations-Reference-Architecture.pdf,docs\ai-security-governance\security\07-Zero-to-Mastery-Curriculum.pdf,moderate overlap (review)
0.55,docs\cloud-platforms\kubernetes\K8s_Handbook_Part8_Security.pdf,docs\cloud-platforms\kubernetes\K8s_Handbook_Part9_Platform_Engineering.pdf,moderate overlap (review)
0.55,docs\cloud-platforms\kubernetes\K8s_Handbook_Part5_Kubernetes_Resources.pdf,docs\cloud-platforms\kubernetes\K8s_Handbook_Part6_Kubernetes_Networking.pdf,moderate overlap (review)
0.55,docs\ai-first-enterprise\ai-first-to-ai-native.md,docs\sovereign-constitutional-ai\index.md,moderate overlap (review)
0.546,docs\ai-first-enterprise\ai-first-to-ai-native.md,docs\sovereign-constitutional-ai\democratic-ai-public-interest.md,moderate overlap (review)
0.545,docs\ai-security-governance\deep-mind\Part17_Best_Practices_Anti_Patterns.pdf,docs\ai-security-governance\deep-mind\Part18_Future_Outlook_2026_2035.pdf,moderate overlap (review)
0.545,docs\ai-protocols\Part1_Industry_Survey.pdf,docs\ai-protocols\Part7_Standards_Reference.pdf,moderate overlap (review)
0.544,docs\sovereign-constitutional-ai\ai-governance-operating-model.md,docs\sovereign-constitutional-ai\sovereign-ai-roadmap-maturity.md,moderate overlap (review)
0.544,docs\ai-protocols\auth\Part3_Identity_OBO_Sessions.pdf,docs\ai-protocols\auth\tool-authentication-connectors.md,moderate overlap (review)
0.542,docs\coding-tools\github-copilot\git-github-platform-engineering-handbook.md,docs\coding-tools\github-copilot\github-copilot-zero-to-hero.md,moderate overlap (review)
0.542,docs\coding-tools\github-copilot\Part01_Vision_Copilot_Architecture_RepoIntelligence.pdf,docs\coding-tools\github-copilot\Part11_Security_Governance.pdf,moderate overlap (review)
0.541,docs\coding-tools\claude\Module_5_Claude_Code_Agents.pdf,docs\coding-tools\claude\claude-code-complete-2026.md,moderate overlap (review)
0.539,docs\cloud-platforms\kubernetes\K8s_Handbook_Part1_Infrastructure_Evolution.pdf,docs\cloud-platforms\kubernetes\K8s_Handbook_Part8_Security.pdf,moderate overlap (review)
0.539,docs\ai-security-governance\deep-mind\Part04_AI_Control_Architecture.pdf,docs\ai-security-governance\deep-mind\Part18_Future_Outlook_2026_2035.pdf,moderate overlap (review)
0.539,docs\ai-protocols\auth\entra-3lo-agent-auth-multiagent-compliance.md,docs\ai-protocols\auth\entra-3lo-agent-auth-security-review.md,moderate overlap (review)
0.539,docs\ai-protocols\Part7_Standards_Reference.pdf,docs\ai-usecases\Part6_Banking_Case_Study.pdf,moderate overlap (review)
0.538,docs\ai-protocols\auth\EntraID_3LO_Agent_Auth_Research.pdf,docs\ai-protocols\auth\EntraID_3LO_Agent_Auth_Volume4.pdf,moderate overlap (review)
0.536,docs\coding-tools\enterprise-ai-architect\enterprise-ai-governance-compliance.md,docs\coding-tools\enterprise-ai-architect\enterprise-ai-skills-assessment.md,moderate overlap (review)
0.536,docs\coding-tools\claude\Module_2_Claude_API_SDK.pdf,docs\coding-tools\claude\claude-enterprise-2026.md,moderate overlap (review)
0.535,docs\cloud-platforms\kubernetes\K8s_Handbook_Part4_Kubernetes_Internals.pdf,docs\cloud-platforms\kubernetes\K8s_Handbook_Part8_Security.pdf,moderate overlap (review)
0.533,docs\coding-tools\code-review\PR_Review_Handbook_Vol1_Traditional_Review.pdf,docs\coding-tools\code-review\PR_Review_Handbook_Vol5_Case_Studies_Maturity_Model.pdf,moderate overlap (review)
0.533,docs\ai-security-governance\policy\Vol0_Series_Index_and_Overview.pdf,docs\ai-security-governance\policy\Vol5_AWS_Implementation_Governance.pdf,moderate overlap (review)
0.532,docs\ai-protocols\auth\EntraID_3LO_Agent_Auth_Research.pdf,docs\ai-protocols\auth\entra-3lo-agent-auth-security-review.md,moderate overlap (review)
0.531,docs\ea-masterclass\module-15-distinguished-architect\architecture-leadership.md,docs\ea-masterclass\module-15-distinguished-architect\index.md,moderate overlap (review)
0.531,docs\ai-development\testing\AI_Agent_Evaluation_Framework_Complete.pdf,docs\ai-usecases\EU Banking AI Agent Evaluation Framework.pdf,moderate overlap (review)
0.528,docs\coding-tools\code-review\PR_Review_Handbook_Vol2_Deep_Domain_Reviews.pdf,docs\coding-tools\code-review\PR_Review_Handbook_Vol5_Case_Studies_Maturity_Model.pdf,moderate overlap (review)
0.527,docs\ai-security-governance\policy\Vol2_Identity_Claims_Policy.pdf,docs\ai-security-governance\policy\Vol3_Agent_Tool_MCP_Authorization.pdf,moderate overlap (review)
0.526,docs\cloud-platforms\kubernetes\K8s_Handbook_Part1_Infrastructure_Evolution.pdf,docs\cloud-platforms\kubernetes\K8s_Handbook_Part9_Platform_Engineering.pdf,moderate overlap (review)
0.526,docs\cloud-platforms\kubernetes\K8s_Handbook_Part12_Agentic_AI.pdf,docs\cloud-platforms\kubernetes\K8s_Handbook_Part9_Platform_Engineering.pdf,moderate overlap (review)
0.525,docs\coding-tools\claude\ccaf-exam-prep-complete.md,docs\coding-tools\claude\claude-code-complete-2026.md,moderate overlap (review)
0.525,docs\coding-tools\claude\Module_7_Safety_Enterprise_Exam.pdf,docs\coding-tools\claude\ccaf-exam-prep-complete.md,moderate overlap (review)
0.525,docs\cloud-platforms\kubernetes\K8s_Handbook_Part5_Kubernetes_Resources.pdf,docs\cloud-platforms\kubernetes\K8s_Handbook_Part7_Storage.pdf,moderate overlap (review)
0.525,docs\ai-protocols\Part1_Industry_Survey.pdf,docs\ai-security-governance\security\Part4_Runtime_Security_Governance.pdf,moderate overlap (review)
0.524,docs\workflow-orchestration\02-evolution-timeline.md,docs\workflow-orchestration\21-future-predictions.md,moderate overlap (review)
0.524,docs\knowledge-engineering\index.md,docs\knowledge-engineering\industry-practices\index.md,moderate overlap (review)
0.524,docs\ai-protocols\auth\EntraID_3LO_Agent_Auth_Volume4.pdf,docs\ai-protocols\auth\entra-3lo-agent-auth-multiagent-compliance.md,moderate overlap (review)
0.522,docs\coding-tools\claude\Module_3_Prompt_Engineering.pdf,docs\coding-tools\claude\prompt-engineering-claude-4.md,moderate overlap (review)
0.521,docs\cloud-platforms\kubernetes\K8s_Handbook_Part1_Infrastructure_Evolution.pdf,docs\cloud-platforms\kubernetes\K8s_Handbook_Part2_Linux_Foundations.pdf,moderate overlap (review)
0.521,docs\ai-protocols\Part5_Marketplace_Architecture.pdf,docs\ai-protocols\Part7_Standards_Reference.pdf,moderate overlap (review)
0.52,docs\enterprise-architecture\specialization\Principal_Enterprise_AI_Guide_Educative.pdf,docs\interview-prep\Enterprise_GenAI_Architect_Interview_Guide.pdf,moderate overlap (review)
0.52,docs\ai-security-governance\deep-mind\Part02_Evolution_Enterprise_AI_Security.pdf,docs\ai-security-governance\deep-mind\Part18_Future_Outlook_2026_2035.pdf,moderate overlap (review)
0.519,docs\ea-masterclass\module-01-ea-foundations\index.md,docs\ea-masterclass\module-14-mentoring\index.md,moderate overlap (review)
0.519,docs\coding-tools\github-copilot\Part07_Prompts_Evaluation_Spark_Infrastructure.pdf,docs\coding-tools\github-copilot\Part11_Security_Governance.pdf,moderate overlap (review)
0.519,docs\cloud-platforms\kubernetes\K8s_Handbook_Part4_Kubernetes_Internals.pdf,docs\cloud-platforms\kubernetes\K8s_Handbook_Part6_Kubernetes_Networking.pdf,moderate overlap (review)
0.518,docs\coding-tools\github-copilot\Part06_Marketplace_Pages_Packages.pdf,docs\coding-tools\github-copilot\Part18_Ecosystem_Patterns_Labs.pdf,moderate overlap (review)
0.518,docs\coding-tools\claude\Module_1_Claude_Foundations.pdf,docs\coding-tools\claude\ccaf-exam-prep-complete.md,moderate overlap (review)
0.518,docs\cloud-platforms\kubernetes\K8s_Handbook_Part12_Agentic_AI.pdf,docs\cloud-platforms\kubernetes\K8s_Handbook_Part8_Security.pdf,moderate overlap (review)
0.518,docs\ai-protocols\auth\entra-3lo-agent-auth-standards-architecture.md,docs\ai-protocols\auth\tool-authentication-connectors.md,moderate overlap (review)
0.517,docs\ai-security-governance\security\02-Identity-MCP-A2A-Security-Blueprint.pdf,docs\ai-security-governance\security\07-Zero-to-Mastery-Curriculum.pdf,moderate overlap (review)
0.515,docs\workflow-orchestration\03-workflow-vs-agent-architecture.md,docs\workflow-orchestration\04-temporal-deep-dive.md,moderate overlap (review)
0.515,docs\coding-tools\github-copilot\Part02_GitHub_Architecture_and_Actions.pdf,docs\coding-tools\github-copilot\Part04_Runners_and_Runtime.pdf,moderate overlap (review)
0.514,docs\cybersec-architect\08-ai-governance.md,docs\sovereign-constitutional-ai\sovereign-ai-roadmap-maturity.md,moderate overlap (review)
0.514,docs\coding-tools\github-copilot\Part06_Marketplace_Pages_Packages.pdf,docs\coding-tools\github-copilot\Part11_CICD_Secrets_Security.pdf,moderate overlap (review)
0.514,docs\cloud-platforms\kubernetes\K8s_Handbook_Part1_Infrastructure_Evolution.pdf,docs\cloud-platforms\kubernetes\K8s_Handbook_Part5_Kubernetes_Resources.pdf,moderate overlap (review)
0.513,docs\workflow-orchestration\03-workflow-vs-agent-architecture.md,docs\workflow-orchestration\19-reference-architectures.md,moderate overlap (review)
0.513,docs\coding-tools\enterprise-ai-architect\enterprise-ai-architect-foundations.md,docs\coding-tools\enterprise-ai-architect\enterprise-ai-skills-assessment.md,moderate overlap (review)
0.513,docs\cloud-platforms\kubernetes\K8s_Handbook_Part10_Observability.pdf,docs\cloud-platforms\kubernetes\K8s_Handbook_Part9_Platform_Engineering.pdf,moderate overlap (review)
0.513,docs\cloud-platforms\kubernetes\K8s_Handbook_Part10_Observability.pdf,docs\cloud-platforms\kubernetes\K8s_Handbook_Part5_Kubernetes_Resources.pdf,moderate overlap (review)
0.513,docs\cloud-platforms\aws\AWS_Strands_AgentCore_AdvancedPatterns_v3.pdf,docs\cloud-platforms\aws\index.md,moderate overlap (review)
0.513,docs\ai-security-governance\policy\Vol1_Executive_Architecture.pdf,docs\ai-security-governance\policy\Vol5_AWS_Implementation_Governance.pdf,moderate overlap (review)
0.513,docs\ai-protocols\auth\entra-3lo-agent-auth-security-review.md,docs\ai-protocols\auth\entra-3lo-agent-auth-standards-architecture.md,moderate overlap (review)
0.512,docs\coding-tools\github-copilot\Part02_GitHub_Architecture_and_Actions.pdf,docs\coding-tools\github-copilot\Part06_Marketplace_Pages_Packages.pdf,moderate overlap (review)
0.512,docs\ai-protocols\auth\Part2_Tool_Authentication.pdf,docs\ai-usecases\Part6_Banking_Case_Study.pdf,moderate overlap (review)
0.511,docs\coding-tools\github-copilot\Part02_GitHub_Architecture_and_Actions.pdf,docs\coding-tools\github-copilot\Part13_CICD_Observability_Scaling.pdf,moderate overlap (review)
0.51,docs\cloud-platforms\kubernetes\K8s_Handbook_Part12_Agentic_AI.pdf,docs\cloud-platforms\kubernetes\K8s_Handbook_Part1_Infrastructure_Evolution.pdf,moderate overlap (review)
0.509,docs\enterprise-architecture\process\EA_Lifecycle_Checklist.pdf,docs\enterprise-architecture\strategy\EA_Strategy_Playbook.pdf,moderate overlap (review)
0.509,docs\ai-development\aidlc\AIDLC_Enterprise_Framework_2025.pdf,docs\ai-development\aidlc\EA_AIDLC_Deep_Research_2026.pdf,moderate overlap (review)
0.508,docs\cloud-platforms\aws\AWS_Strands_AgentCore_AdvancedPatterns_v3.pdf,docs\cloud-platforms\aws\AWS_Strands_AgentCore_Delta_Supplement_v2.pdf,moderate overlap (review)
0.508,docs\ai-security-governance\policy\Vol1b_Authorization_Deep_Dive.pdf,docs\ai-security-governance\policy\Vol5_AWS_Implementation_Governance.pdf,moderate overlap (review)
0.508,docs\ai-security-governance\deep-mind\Part04_AI_Control_Architecture.pdf,docs\ai-security-governance\deep-mind\Part17_Best_Practices_Anti_Patterns.pdf,moderate overlap (review)
0.508,docs\ai-protocols\Part5_Marketplace_Architecture.pdf,docs\ai-protocols\auth\tool-authentication-connectors.md,moderate overlap (review)
0.507,docs\workflow-orchestration\01-executive-summary.md,docs\workflow-orchestration\03-workflow-vs-agent-architecture.md,moderate overlap (review)
0.507,docs\coding-tools\github-copilot\Part04_Runners_and_Runtime.pdf,docs\coding-tools\github-copilot\Part18_Ecosystem_Patterns_Labs.pdf,moderate overlap (review)
0.506,docs\coding-tools\github-copilot\Part11_Security_Governance.pdf,docs\coding-tools\github-copilot\Part16_Artifacts_ReferenceArchitecture.pdf,moderate overlap (review)
0.506,docs\ai-protocols\auth\Part2_Tool_Authentication.pdf,docs\ai-security-governance\security\Part4_Runtime_Security_Governance.pdf,moderate overlap (review)
0.506,docs\ai-development\aidlc\EA_AIDLC_Deep_Research_2026.pdf,docs\interview-prep\Enterprise_Architect_in_the_Age_of_AI.md,moderate overlap (review)
0.504,docs\ai-security-governance\policy\Vol1_Executive_Architecture.pdf,docs\ai-security-governance\policy\Vol5b_Compliance_Governance_Decision_Framework.pdf,moderate overlap (review)
0.503,docs\sovereign-constitutional-ai\democratic-ai-public-interest.md,docs\sovereign-constitutional-ai\sovereign-ai-roadmap-maturity.md,moderate overlap (review)
0.503,docs\coding-tools\github-copilot\Part02_GitHub_Architecture_and_Actions.pdf,docs\coding-tools\github-copilot\Part14_Enterprise_APIs_Apps_CLI.pdf,moderate overlap (review)
0.503,docs\coding-tools\enterprise-ai-architect\enterprise-ai-architect-foundations.md,docs\ea-masterclass\module-09-enterprise-ai-architecture\index.md,moderate overlap (review)
0.503,docs\cloud-platforms\kubernetes\K8s_Handbook_Part16_Future_Outlook.pdf,docs\cloud-platforms\kubernetes\K8s_Handbook_Part1_Infrastructure_Evolution.pdf,moderate overlap (review)
0.502,docs\sovereign-constitutional-ai\ai-assurance-audit-architecture.md,docs\sovereign-constitutional-ai\sovereign-ai-roadmap-maturity.md,moderate overlap (review)
0.501,docs\coding-tools\github-copilot\Part04_RAG_Agents_Models_Platform.pdf,docs\coding-tools\github-copilot\Part16_Artifacts_ReferenceArchitecture.pdf,moderate overlap (review)
0.5,docs\coding-tools\enterprise-ai-architect\enterprise-ai-governance-compliance.md,docs\sovereign-constitutional-ai\sovereign-ai-roadmap-maturity.md,moderate overlap (review)
0.5,docs\coding-tools\enterprise-ai-architect\agentic-ai-security-identity.md,docs\cybersec-architect\05-agentic-ai-security.md,moderate overlap (review)
0.5,docs\cloud-platforms\kubernetes\K8s_Handbook_Part1_Infrastructure_Evolution.pdf,docs\cloud-platforms\kubernetes\K8s_Handbook_Part4_Kubernetes_Internals.pdf,moderate overlap (review)
0.499,docs\coding-tools\github-copilot\Part01_Vision_Copilot_Architecture_RepoIntelligence.pdf,docs\coding-tools\github-copilot\Part16_Artifacts_ReferenceArchitecture.pdf,moderate overlap (review)
0.499,docs\ai-security-governance\security\01-Foundations-Reference-Architecture.pdf,docs\ai-security-governance\security\02-Identity-MCP-A2A-Security-Blueprint.pdf,moderate overlap (review)
0.498,docs\coding-tools\code-review\PR_Review_Handbook_Vol4_Agentic_Review_Architecture.pdf,docs\coding-tools\code-review\PR_Review_Handbook_Vol5_Case_Studies_Maturity_Model.pdf,moderate overlap (review)
0.498,docs\ai-security-governance\policy\Vol1b_Authorization_Deep_Dive.pdf,docs\ai-security-governance\policy\Vol2_Identity_Claims_Policy.pdf,moderate overlap (review)
0.497,docs\cloud-platforms\kubernetes\K8s_Handbook_Part3_Containers.pdf,docs\cloud-platforms\kubernetes\K8s_Handbook_Part5_Kubernetes_Resources.pdf,moderate overlap (review)
0.497,docs\ai-security-governance\policy\Vol0_Series_Index_and_Overview.pdf,docs\ai-security-governance\policy\Vol1_Executive_Architecture.pdf,moderate overlap (review)
0.497,docs\ai-protocols\auth\EntraID_3LO_Agent_Auth_Volume4.pdf,docs\ai-protocols\auth\entra-3lo-agent-auth-standards-architecture.md,moderate overlap (review)
0.496,docs\coding-tools\claude\CCAF_Study_Guide.docx,docs\coding-tools\claude\claude-best-practices.docx,moderate overlap (review)
0.496,docs\cloud-platforms\kubernetes\K8s_Handbook_Part11_AI_Infrastructure.pdf,docs\cloud-platforms\kubernetes\K8s_Handbook_Part16_Future_Outlook.pdf,moderate overlap (review)
0.496,docs\ai-security-governance\policy\Vol5_AWS_Implementation_Governance.pdf,docs\ai-security-governance\policy\Vol5b_Compliance_Governance_Decision_Framework.pdf,moderate overlap (review)
0.495,docs\coding-tools\github-copilot\GitHub_Copilot_Enterprise_Research_2026.pdf,docs\coding-tools\github-copilot\copilot-enterprise-playbook.pdf,moderate overlap (review)
0.495,docs\cloud-platforms\iac\terraform\ai-assisted-iac-mastery.md,docs\cloud-platforms\iac\terraform\terraform-mastery-guide.md,moderate overlap (review)
0.493,docs\agentic-ui\agent-ux-patterns.md,docs\agentic-ui\evolution-human-ai-interfaces.md,moderate overlap (review)
0.492,docs\cloud-platforms\kubernetes\K8s_Handbook_Part12_Agentic_AI.pdf,docs\cloud-platforms\kubernetes\K8s_Handbook_Part13_Emerging_Standards.pdf,moderate overlap (review)
0.492,docs\cloud-platforms\kubernetes\K8s_Handbook_Part10_Observability.pdf,docs\cloud-platforms\kubernetes\K8s_Handbook_Part11_AI_Infrastructure.pdf,moderate overlap (review)
0.492,docs\cloud-platforms\aws\AWS_Strands_AgentCore_Builder_Journey_Kit.pdf,docs\cloud-platforms\aws\AWS_Strands_AgentCore_Delta_Supplement_v2.pdf,moderate overlap (review)
0.492,docs\ai-protocols\auth\EntraID_3LO_Agent_Auth_Research.pdf,docs\ai-protocols\auth\tool-authentication-connectors.md,moderate overlap (review)
0.491,docs\cloud-platforms\kubernetes\K8s_Handbook_Part10_Observability.pdf,docs\cloud-platforms\kubernetes\K8s_Handbook_Part12_Agentic_AI.pdf,moderate overlap (review)
0.491,docs\ai-usecases\EU Banking AI Agent Evaluation Framework.pdf,docs\ai-usecases\EU_Banking_AI_Evaluation_Compliance_Guide.md,moderate overlap (review)
0.491,docs\ai-security-governance\deep-mind\Part02_Evolution_Enterprise_AI_Security.pdf,docs\ai-security-governance\deep-mind\Part17_Best_Practices_Anti_Patterns.pdf,moderate overlap (review)
0.489,docs\coding-tools\code-review\PR_Review_Handbook_Vol1_Traditional_Review.pdf,docs\coding-tools\code-review\PR_Review_Handbook_Vol3_AI_Assisted_Review.pdf,moderate overlap (review)
0.489,docs\coding-tools\claude\claude-code-complete-2026.md,docs\coding-tools\claude\claude_agents_best_practices_v2.pdf,moderate overlap (review)
0.489,docs\ai-security-governance\Sovereign Constitutional AI & RAI - Complete Implementation Handbook.pdf,docs\sovereign-constitutional-ai\index.md,moderate overlap (review)
0.488,docs\agentic-systems\GENAIAF_559_PromptLifecycle_HotSwap_Research_2026.pdf,docs\agentic-systems\platform\Enterprise_PromptOps_AWS_AgentCore_2026.pdf,moderate overlap (review)
0.487,docs\cloud-platforms\kubernetes\K8s_Handbook_Part12_Agentic_AI.pdf,docs\cloud-platforms\kubernetes\K8s_Handbook_Part3_Containers.pdf,moderate overlap (review)
0.487,docs\cloud-platforms\kubernetes\K8s_Handbook_Part10_Observability.pdf,docs\cloud-platforms\kubernetes\K8s_Handbook_Part1_Infrastructure_Evolution.pdf,moderate overlap (review)
0.486,docs\sovereign-constitutional-ai\constitutional-agent-architecture.md,docs\sovereign-constitutional-ai\constitutional-ai-engineering.md,moderate overlap (review)
0.486,docs\ai-development\aidlc\AIDLC_Artifact_Reference_Library.pdf,docs\enterprise-architecture\process\EA_Lifecycle_Artifact_Templates_2026.pdf,moderate overlap (review)
0.485,docs\coding-tools\enterprise-ai-architect\ai-harness-architecture-orchestration.md,docs\coding-tools\enterprise-ai-architect\enterprise-agent-reference-architectures.md,moderate overlap (review)
0.485,docs\ai-development\testing\AI_Agent_Evaluation_Framework_Complete.pdf,docs\ai-development\testing\AI_Agent_Evaluation_Framework_Guide.md,moderate overlap (review)
0.484,docs\cloud-platforms\kubernetes\K8s_Handbook_Part15_Implementation_Labs.pdf,docs\cloud-platforms\kubernetes\K8s_Handbook_Part9_Platform_Engineering.pdf,moderate overlap (review)
0.483,docs\coding-tools\github-copilot\Part13_CICD_Observability_Scaling.pdf,docs\coding-tools\github-copilot\Part18_Ecosystem_Patterns_Labs.pdf,moderate overlap (review)
0.483,docs\coding-tools\code-review\PR_Review_Handbook_Vol2_Deep_Domain_Reviews.pdf,docs\coding-tools\code-review\PR_Review_Handbook_Vol4_Agentic_Review_Architecture.pdf,moderate overlap (review)
0.483,docs\cloud-platforms\kubernetes\K8s_Handbook_Part12_Agentic_AI.pdf,docs\cloud-platforms\kubernetes\K8s_Handbook_Part14_Reference_Architectures.pdf,moderate overlap (review)
0.483,docs\ai-security-governance\security\07-Zero-to-Mastery-Curriculum.pdf,docs\ai-security-governance\security\08-Architects-Field-Guide.pdf,moderate overlap (review)
0.482,docs\coding-tools\github-copilot\GitHub_Copilot_Enterprise_Research_2026.pdf,docs\coding-tools\github-copilot\github-copilot-big-wins-research.pdf,moderate overlap (review)
0.482,docs\coding-tools\claude\claude-enterprise-2026.md,docs\coding-tools\claude\constitutional-ai-safety-2026.md,moderate overlap (review)
0.482,docs\ai-protocols\mcp\MCP_Deep_Research_2026.md,docs\coding-tools\enterprise-ai-architect\mcp-a2a-protocol-deep-dive.md,moderate overlap (review)
0.481,docs\cybersec-architect\08-ai-governance.md,docs\cybersec-architect\14-case-studies.md,moderate overlap (review)
0.481,docs\coding-tools\enterprise-ai-architect\enterprise-ai-skills-assessment.md,docs\interview-prep\Enterprise_Architect_in_the_Age_of_AI.md,moderate overlap (review)
0.481,docs\cloud-platforms\kubernetes\K8s_Handbook_Part10_Observability.pdf,docs\cloud-platforms\kubernetes\K8s_Handbook_Part8_Security.pdf,moderate overlap (review)
0.48,docs\coding-tools\claude\claude-agent-sdk-production.md,docs\coding-tools\claude\mcp-deep-guide.md,moderate overlap (review)
0.479,docs\cloud-platforms\kubernetes\K8s_Handbook_Part3_Containers.pdf,docs\cloud-platforms\kubernetes\K8s_Handbook_Part9_Platform_Engineering.pdf,moderate overlap (review)
0.479,docs\cloud-platforms\kubernetes\K8s_Handbook_Part12_Agentic_AI.pdf,docs\cloud-platforms\kubernetes\K8s_Handbook_Part16_Future_Outlook.pdf,moderate overlap (review)
0.479,docs\ai-security-governance\policy\Vol1b_Authorization_Deep_Dive.pdf,docs\ai-security-governance\policy\Vol3_Agent_Tool_MCP_Authorization.pdf,moderate overlap (review)
0.479,docs\ai-security-governance\deep-mind\Part01_DeepMind_AI_Control_Roadmap.pdf,docs\ai-security-governance\deep-mind\Part17_Best_Practices_Anti_Patterns.pdf,moderate overlap (review)
0.478,docs\workflow-orchestration\20-decision-matrix.md,docs\workflow-orchestration\21-future-predictions.md,moderate overlap (review)
0.478,docs\coding-tools\github-copilot\Part01_Vision_Copilot_Architecture_RepoIntelligence.pdf,docs\coding-tools\github-copilot\github-copilot-zero-to-hero.md,moderate overlap (review)
0.478,docs\ai-security-governance\policy\Vol2_Identity_Claims_Policy.pdf,docs\ai-security-governance\policy\Vol5b_Compliance_Governance_Decision_Framework.pdf,moderate overlap (review)
0.478,docs\ai-security-governance\deep-mind\Part01_DeepMind_AI_Control_Roadmap.pdf,docs\ai-security-governance\deep-mind\Part18_Future_Outlook_2026_2035.pdf,moderate overlap (review)
0.477,docs\workflow-orchestration\01-executive-summary.md,docs\workflow-orchestration\index.md,moderate overlap (review)
0.476,docs\coding-tools\claude\Module_4_MCP.pdf,docs\coding-tools\claude\mcp-deep-guide.md,moderate overlap (review)
0.475,docs\coding-tools\github-copilot\github-copilot-big-wins-research.pdf,docs\coding-tools\github-copilot\github-copilot-zero-to-hero.md,moderate overlap (review)
0.473,docs\ea-masterclass\deliverables\business-case-templates.md,docs\ea-masterclass\module-03-proposal-lifecycle\index.md,moderate overlap (review)
0.473,docs\coding-tools\github-copilot\Part14_Enterprise_APIs_Apps_CLI.pdf,docs\coding-tools\github-copilot\Part18_Ecosystem_Patterns_Labs.pdf,moderate overlap (review)
0.473,docs\cloud-platforms\kubernetes\K8s_Handbook_Part4_Kubernetes_Internals.pdf,docs\cloud-platforms\kubernetes\K8s_Handbook_Part9_Platform_Engineering.pdf,moderate overlap (review)
0.472,docs\knowledge-engineering\data\AI_Native_Architecture_Evolution_Report.pdf,docs\knowledge-engineering\data\Data_Architecture_for_AI_Report.pdf,moderate overlap (review)
0.472,docs\coding-tools\github-copilot\Part13_CICD_Observability_Scaling.pdf,docs\coding-tools\github-copilot\Part14_Enterprise_APIs_Apps_CLI.pdf,moderate overlap (review)
0.472,docs\coding-tools\github-copilot\Part11_CICD_Secrets_Security.pdf,docs\coding-tools\github-copilot\Part13_CICD_Observability_Scaling.pdf,moderate overlap (review)
0.472,docs\cloud-platforms\kubernetes\K8s_Handbook_Part15_Implementation_Labs.pdf,docs\cloud-platforms\kubernetes\K8s_Handbook_Part8_Security.pdf,moderate overlap (review)
0.472,docs\ai-security-governance\deep-mind\Part02_Evolution_Enterprise_AI_Security.pdf,docs\ai-security-governance\deep-mind\Part04_AI_Control_Architecture.pdf,moderate overlap (review)
0.472,docs\ai-foundations\AI_Native_Architecture_Evolution_Report.pdf,docs\knowledge-engineering\data\Data_Architecture_for_AI_Report.pdf,moderate overlap (review)
0.471,docs\workflow-orchestration\02-evolution-timeline.md,docs\workflow-orchestration\19-reference-architectures.md,moderate overlap (review)
0.471,docs\coding-tools\github-copilot\Part11_CICD_Secrets_Security.pdf,docs\coding-tools\github-copilot\Part14_Enterprise_APIs_Apps_CLI.pdf,moderate overlap (review)
0.471,docs\cloud-platforms\kubernetes\K8s_Handbook_Part10_Observability.pdf,docs\cloud-platforms\kubernetes\K8s_Handbook_Part4_Kubernetes_Internals.pdf,moderate overlap (review)
0.47,docs\workflow-orchestration\02-evolution-timeline.md,docs\workflow-orchestration\03-workflow-vs-agent-architecture.md,moderate overlap (review)
0.47,docs\ea-masterclass\module-01-ea-foundations\index.md,docs\ea-masterclass\module-02-business-acumen\index.md,moderate overlap (review)
0.47,docs\coding-tools\enterprise-ai-architect\enterprise-ai-governance-compliance.md,docs\interview-prep\Enterprise_Architect_in_the_Age_of_AI.md,moderate overlap (review)
0.47,docs\coding-tools\enterprise-ai-architect\enterprise-ai-architect-foundations.md,docs\coding-tools\enterprise-ai-architect\enterprise-ai-governance-compliance.md,moderate overlap (review)
0.47,docs\coding-tools\code-review\PR_Review_Handbook_Vol2_Deep_Domain_Reviews.pdf,docs\coding-tools\code-review\PR_Review_Handbook_Vol3_AI_Assisted_Review.pdf,moderate overlap (review)
0.47,docs\ai-first-enterprise\ai-first-to-ai-native.md,docs\cybersec-architect\08-ai-governance.md,moderate overlap (review)
0.469,docs\coding-tools\claude\Module_1_Claude_Foundations.pdf,docs\coding-tools\claude\Module_7_Safety_Enterprise_Exam.pdf,moderate overlap (review)
0.469,docs\cloud-platforms\kubernetes\K8s_Handbook_Part12_Agentic_AI.pdf,docs\cloud-platforms\kubernetes\K8s_Handbook_Part4_Kubernetes_Internals.pdf,moderate overlap (review)
0.469,docs\ai-security-governance\deep-mind\Part14_Enterprise_Governance.pdf,docs\ai-security-governance\deep-mind\Part17_Best_Practices_Anti_Patterns.pdf,moderate overlap (review)
0.469,docs\ai-security-governance\deep-mind\Part01_DeepMind_AI_Control_Roadmap.pdf,docs\ai-security-governance\deep-mind\Part02_Evolution_Enterprise_AI_Security.pdf,moderate overlap (review)
0.468,docs\knowledge-engineering\index.md,docs\knowledge-engineering\knowledge\index.md,moderate overlap (review)
0.468,docs\coding-tools\enterprise-ai-architect\enterprise-ai-skills-assessment.md,docs\ea-masterclass\module-09-enterprise-ai-architecture\index.md,moderate overlap (review)
0.468,docs\ai-protocols\auth\EntraID_3LO_Agent_Auth_Volume2.pdf,docs\ai-protocols\auth\EntraID_3LO_Agent_Auth_Volume3.pdf,moderate overlap (review)
0.468,docs\ai-development\aidlc\EA_AIDLC_Deep_Research_2026.pdf,docs\enterprise-architecture\process\EA_Lifecycle_Artifact_Templates_2026.pdf,moderate overlap (review)
0.467,docs\coding-tools\github-copilot\Part07_Prompts_Evaluation_Spark_Infrastructure.pdf,docs\coding-tools\github-copilot\Part16_Artifacts_ReferenceArchitecture.pdf,moderate overlap (review)
0.467,docs\agentic-systems\memory\AI_Memory_Agent_Innovations_Research_Report.pdf,docs\ai-foundations\AI_Assistant_Architecture_Research_Report.pdf,moderate overlap (review)
0.466,docs\enterprise-architecture\best-practices\EA_BestPractices_Jargon.pdf,docs\enterprise-architecture\process\EA_Lifecycle_Checklist.pdf,moderate overlap (review)
0.466,docs\coding-tools\enterprise-ai-architect\agent-communication-identity-gateway.md,docs\coding-tools\enterprise-ai-architect\ai-harness-architecture-orchestration.md,moderate overlap (review)
0.466,docs\coding-tools\claude\ccaf-exam-prep-complete.md,docs\coding-tools\claude\claude-models-2026.md,moderate overlap (review)
0.466,docs\cloud-platforms\kubernetes\K8s_Handbook_Part11_AI_Infrastructure.pdf,docs\cloud-platforms\kubernetes\K8s_Handbook_Part12_Agentic_AI.pdf,moderate overlap (review)
0.465,docs\cloud-platforms\kubernetes\K8s_Handbook_Part10_Observability.pdf,docs\cloud-platforms\kubernetes\K8s_Handbook_Part16_Future_Outlook.pdf,moderate overlap (review)
0.465,docs\ai-security-governance\deep-mind\Part03_Enterprise_Threat_Modeling.pdf,docs\ai-security-governance\deep-mind\Part17_Best_Practices_Anti_Patterns.pdf,moderate overlap (review)
0.464,docs\cloud-platforms\kubernetes\K8s_Handbook_Part2_Linux_Foundations.pdf,docs\cloud-platforms\kubernetes\K8s_Handbook_Part5_Kubernetes_Resources.pdf,moderate overlap (review)
0.464,docs\ai-security-governance\policy\Vol1_Executive_Architecture.pdf,docs\ai-security-governance\policy\Vol1b_Authorization_Deep_Dive.pdf,moderate overlap (review)
0.463,docs\ai-protocols\mcp\MCP_Deep_Research_2026.md.pdf,docs\coding-tools\enterprise-ai-architect\mcp-a2a-protocol-deep-dive.md,moderate overlap (review)
0.462,docs\ai-security-governance\deep-mind\Part02_Evolution_Enterprise_AI_Security.pdf,docs\ai-security-governance\deep-mind\Part03_Enterprise_Threat_Modeling.pdf,moderate overlap (review)
0.462,docs\agentic-systems\harness\Harness_Engineering_AI_Agents_and_Vendor_Landscape.pdf,docs\agentic-systems\harness\index.md,moderate overlap (review)
0.461,docs\ai-protocols\auth\Part2_Tool_Authentication.pdf,docs\ai-protocols\auth\entra-3lo-agent-auth-standards-architecture.md,moderate overlap (review)
0.46,docs\workflow-orchestration\01-executive-summary.md,docs\workflow-orchestration\19-reference-architectures.md,moderate overlap (review)
0.46,docs\ea-masterclass\deliverables\business-case-templates.md,docs\ea-masterclass\module-14-mentoring\index.md,moderate overlap (review)
0.46,docs\ai-security-governance\policy\Vol2_Identity_Claims_Policy.pdf,docs\ai-security-governance\policy\Vol2b_Advanced_Policy_Engineering.pdf,moderate overlap (review)
0.459,docs\ai-foundations\AI_Deep_Future_Outlook_2026_2035.pdf,docs\ai-protocols\protocol\AI_Protocols_Standards_Service_Industry_Guide_2026.pdf,moderate overlap (review)
0.458,docs\coding-tools\claude\Module_2_Claude_API_SDK.pdf,docs\coding-tools\claude\claude-models-2026.md,moderate overlap (review)
0.458,docs\cloud-platforms\kubernetes\K8s_Handbook_Part11_AI_Infrastructure.pdf,docs\cloud-platforms\kubernetes\K8s_Handbook_Part9_Platform_Engineering.pdf,moderate overlap (review)
0.458,docs\cloud-platforms\ai-gateway\AI_Gateway_Full_Comparison.pdf,docs\cloud-platforms\ai-gateway\Enterprise_AI_Gateway.pdf,moderate overlap (review)
0.458,docs\ai-security-governance\policy\Vol0_Series_Index_and_Overview.pdf,docs\ai-security-governance\policy\Vol2_Identity_Claims_Policy.pdf,moderate overlap (review)
0.458,docs\ai-protocols\auth\EntraID_3LO_Agent_Auth_Volume2.pdf,docs\ai-protocols\auth\entra-3lo-agent-auth-multiagent-compliance.md,moderate overlap (review)
0.457,docs\ea-masterclass\deliverables\business-case-templates.md,docs\ea-masterclass\module-07-proposal-writing\index.md,moderate overlap (review)
0.457,docs\ai-security-governance\security\04-AI-SOC-Observability-RedTeam-Memory.pdf,docs\ai-security-governance\security\07-Zero-to-Mastery-Curriculum.pdf,moderate overlap (review)
0.457,docs\ai-security-governance\policy\Vol3_Agent_Tool_MCP_Authorization.pdf,docs\ai-security-governance\policy\Vol3b_Agent_Authorization_Deep_Dive.pdf,moderate overlap (review)
0.456,docs\cybersec-architect\11-ai-investment.md,docs\ea-masterclass\module-05-ai-investment-strategy\index.md,moderate overlap (review)
0.456,docs\cloud-platforms\aws\AWS_Native_Standards_First_Agentic_Architecture.pdf,docs\cloud-platforms\aws\agentcore_strands_deep_research_report.pdf,moderate overlap (review)
0.456,docs\agentic-ui\evaluation-framework.md,docs\ea-masterclass\module-04-technology-investment\index.md,moderate overlap (review)
0.455,docs\coding-tools\claude\ccaf-exam-prep-complete.md,docs\coding-tools\claude\prompt-engineering-claude-4.md,moderate overlap (review)
0.455,docs\cloud-platforms\kubernetes\K8s_Handbook_Part16_Future_Outlook.pdf,docs\cloud-platforms\kubernetes\K8s_Handbook_Part9_Platform_Engineering.pdf,moderate overlap (review)
0.455,docs\ai-protocols\Part7_Standards_Reference.pdf,docs\ai-protocols\auth\tool-authentication-connectors.md,moderate overlap (review)
0.454,docs\knowledge-engineering\data\AI_Native_Architecture_Evolution_Report.pdf,docs\knowledge-engineering\data\Enterprise_Data_Systems_AI_Governance_Report.pdf,moderate overlap (review)
0.454,docs\ai-foundations\AI_Native_Architecture_Evolution_Report.pdf,docs\knowledge-engineering\data\Enterprise_Data_Systems_AI_Governance_Report.pdf,moderate overlap (review)
0.453,docs\sovereign-constitutional-ai\constitutional-ai-engineering.md,docs\sovereign-constitutional-ai\democratic-ai-public-interest.md,moderate overlap (review)
0.453,docs\ai-security-governance\policy\Vol4b_AWS_Entra_Federation_Patterns.pdf,docs\ai-security-governance\policy\Vol5_AWS_Implementation_Governance.pdf,moderate overlap (review)
0.453,docs\ai-security-governance\deep-mind\Part02_Evolution_Enterprise_AI_Security.pdf,docs\ai-security-governance\deep-mind\Part14_Enterprise_Governance.pdf,moderate overlap (review)
0.453,docs\ai-protocols\Part5_Marketplace_Architecture.pdf,docs\ai-usecases\Part6_Banking_Case_Study.pdf,moderate overlap (review)
0.452,docs\workflow-orchestration\05-camunda-deep-dive.md,docs\workflow-orchestration\19-reference-architectures.md,moderate overlap (review)
0.452,docs\ai-first-enterprise\ai-first-to-ai-native.md,docs\sovereign-constitutional-ai\sovereign-ai-foundations.md,moderate overlap (review)
0.451,docs\workflow-orchestration\05-camunda-deep-dive.md,docs\workflow-orchestration\21-future-predictions.md,moderate overlap (review)
0.451,docs\sovereign-constitutional-ai\constitutional-ai-engineering.md,docs\sovereign-constitutional-ai\sovereign-ai-roadmap-maturity.md,moderate overlap (review)
0.451,docs\coding-tools\code-review\PR_Review_Handbook_Vol1_Traditional_Review.pdf,docs\coding-tools\code-review\PR_Review_Handbook_Vol4_Agentic_Review_Architecture.pdf,moderate overlap (review)
0.451,docs\cloud-platforms\aws\AWS_Strands_AgentCore_Builder_Journey_Kit.pdf,docs\cloud-platforms\aws\index.md,moderate overlap (review)
0.451,docs\ai-first-enterprise\00_Executive_Summary_and_AI_Vision.pdf,docs\ai-first-enterprise\06_Roadmap_Financials_KPIs_and_Risk.pdf,moderate overlap (review)
0.451,docs\agentic-ui\responsible-ai.md,docs\ai-usecases\EU_Banking_AI_Evaluation_Compliance_Guide.md,moderate overlap (review)
0.45,docs\coding-tools\claude\constitutional-ai-safety-2026.md,docs\coding-tools\claude\prompt-engineering-claude-4.md,moderate overlap (review)
0.45,docs\ai-security-governance\policy\Vol1_Executive_Architecture.pdf,docs\ai-security-governance\policy\Vol2_Identity_Claims_Policy.pdf,moderate overlap (review)
0.45,docs\ai-security-governance\deep-mind\Part03_Enterprise_Threat_Modeling.pdf,docs\ai-security-governance\deep-mind\Part18_Future_Outlook_2026_2035.pdf,moderate overlap (review)
0.449,docs\coding-tools\claude\claude-enterprise-2026.md,docs\coding-tools\claude\prompt-engineering-claude-4.md,moderate overlap (review)
0.448,docs\coding-tools\github-copilot\Part07_Prompts_Evaluation_Spark_Infrastructure.pdf,docs\coding-tools\github-copilot\Part13_CICD_Observability_Scaling.pdf,moderate overlap (review)
0.448,docs\coding-tools\github-copilot\GitHub_Copilot_Enterprise_Research_2026.pdf,docs\coding-tools\github-copilot\Part11_Security_Governance.pdf,moderate overlap (review)
0.448,docs\agentic-ui\responsible-ai.md,docs\coding-tools\enterprise-ai-architect\enterprise-ai-governance-compliance.md,moderate overlap (review)
0.447,docs\workflow-orchestration\19-reference-architectures.md,docs\workflow-orchestration\21-future-predictions.md,moderate overlap (review)
0.447,docs\ai-security-governance\deep-mind\Part14_Enterprise_Governance.pdf,docs\ai-security-governance\deep-mind\Part18_Future_Outlook_2026_2035.pdf,moderate overlap (review)
0.447,docs\ai-security-governance\deep-mind\Part01_DeepMind_AI_Control_Roadmap.pdf,docs\ai-security-governance\deep-mind\Part04_AI_Control_Architecture.pdf,moderate overlap (review)
0.446,docs\coding-tools\github-copilot\Part04_Runners_and_Runtime.pdf,docs\coding-tools\github-copilot\Part11_CICD_Secrets_Security.pdf,moderate overlap (review)
0.446,docs\coding-tools\enterprise-ai-architect\enterprise-ai-governance-compliance.md,docs\ea-masterclass\module-05-ai-investment-strategy\index.md,moderate overlap (review)
0.446,docs\coding-tools\claude\claude-code-complete-2026.md,docs\workflow-orchestration\07-ai-coding-orchestrators.md,moderate overlap (review)
0.446,docs\cloud-platforms\kubernetes\K8s_Handbook_Part16_Future_Outlook.pdf,docs\cloud-platforms\kubernetes\K8s_Handbook_Part8_Security.pdf,moderate overlap (review)
0.445,docs\interview-prep\EA_Senior_Interview_Questions.md,docs\interview-prep\EA_Soft_Skills_and_Behaviors.md,moderate overlap (review)
0.445,docs\coding-tools\claude\claude-enterprise-2026.md,docs\coding-tools\claude\claude-models-2026.md,moderate overlap (review)
0.445,docs\ai-security-governance\security\06-Operating-Model-Maturity-Roadmap.pdf,docs\ai-security-governance\security\07-Zero-to-Mastery-Curriculum.pdf,moderate overlap (review)
0.445,docs\ai-security-governance\deep-mind\Part04_AI_Control_Architecture.pdf,docs\ai-security-governance\deep-mind\Part08_Memory_Governance.pdf,moderate overlap (review)
0.444,docs\workflow-orchestration\19-reference-architectures.md,docs\workflow-orchestration\20-decision-matrix.md,moderate overlap (review)
0.444,docs\workflow-orchestration\01-executive-summary.md,docs\workflow-orchestration\20-decision-matrix.md,moderate overlap (review)
0.444,docs\sovereign-constitutional-ai\ai-governance-operating-model.md,docs\sovereign-constitutional-ai\rai-operating-model.md,moderate overlap (review)
0.444,docs\ea-masterclass\transcripts\bank-discovery-workshop.md,docs\enterprise-architecture\architectural-review-board\Volume10_Collaborative_Use_Case_Transcripts.pdf,moderate overlap (review)
0.443,docs\coding-tools\enterprise-ai-architect\agent-interoperability-orchestration.md,docs\coding-tools\enterprise-ai-architect\mcp-a2a-protocol-deep-dive.md,moderate overlap (review)
0.443,docs\coding-tools\claude\Module_2_Claude_API_SDK.pdf,docs\coding-tools\claude\Module_3_Prompt_Engineering.pdf,moderate overlap (review)
0.443,docs\ai-security-governance\policy\Vol2_Identity_Claims_Policy.pdf,docs\ai-security-governance\policy\Vol4_RAG_Memory_Data_Authorization.pdf,moderate overlap (review)
0.443,docs\ai-protocols\auth\EntraID_3LO_Agent_Auth_Research.pdf,docs\ai-protocols\auth\Part2_Tool_Authentication.pdf,moderate overlap (review)
0.442,docs\knowledge-engineering\data\Data_Architecture_for_AI_Report.pdf,docs\knowledge-engineering\data\Enterprise_Data_Systems_AI_Governance_Report.pdf,moderate overlap (review)
0.442,docs\ea-masterclass\module-09-enterprise-ai-architecture\index.md,docs\interview-prep\Enterprise_Architect_in_the_Age_of_AI.md,moderate overlap (review)
0.442,docs\coding-tools\github-copilot\GitHub_Copilot_Enterprise_Research_2026.pdf,docs\coding-tools\github-copilot\Part01_Vision_Copilot_Architecture_RepoIntelligence.pdf,moderate overlap (review)
0.442,docs\cloud-platforms\aws\AWS_Strands_AgentCore_AdvancedPatterns_v3.pdf,docs\cloud-platforms\aws\AWS_Strands_AgentCore_Builder_Journey_Kit.pdf,moderate overlap (review)
0.442,docs\ai-protocols\auth\index.md,docs\coding-tools\enterprise-ai-architect\agentic-ai-security-identity.md,moderate overlap (review)
0.442,docs\agentic-ui\governance.md,docs\agentic-ui\responsible-ai.md,moderate overlap (review)
0.441,docs\enterprise-architecture\architectural-review-board\Volume1_Governance_Ecosystem_Operating_Models.pdf,docs\enterprise-architecture\architectural-review-board\Volume8_Implementation_Accelerator_Kit.pdf,moderate overlap (review)
0.441,docs\ai-protocols\auth\EntraID_3LO_Agent_Auth_Volume2.pdf,docs\ai-protocols\auth\entra-3lo-agent-auth-security-review.md,moderate overlap (review)
0.441,docs\ai-protocols\auth\EntraID_3LO_Agent_Auth_Volume2.pdf,docs\ai-protocols\auth\EntraID_3LO_Agent_Auth_Volume4.pdf,moderate overlap (review)
0.44,docs\ea-masterclass\index.md,docs\ea-masterclass\module-14-mentoring\index.md,moderate overlap (review)
0.44,docs\ai-security-governance\deep-mind\Part11_Multi_Agent_Security.pdf,docs\ai-security-governance\deep-mind\Part18_Future_Outlook_2026_2035.pdf,moderate overlap (review)
0.439,docs\ea-masterclass\module-03-proposal-lifecycle\index.md,docs\ea-masterclass\module-07-proposal-writing\index.md,moderate overlap (review)
0.438,docs\quantum\IBM_Developer_Quantum_CertGuide.pdf,docs\quantum\zero-to-mastery.md,moderate overlap (review)
0.438,docs\cybersec-architect\05-agentic-ai-security.md,docs\cybersec-architect\13-security-patterns.md,moderate overlap (review)
0.438,docs\cloud-platforms\kubernetes\K8s_Handbook_Part11_AI_Infrastructure.pdf,docs\cloud-platforms\kubernetes\K8s_Handbook_Part5_Kubernetes_Resources.pdf,moderate overlap (review)
0.438,docs\ai-development\aidlc\AIDLC_Enterprise_Framework_2025.pdf,docs\sovereign-constitutional-ai\sovereign-ai-roadmap-maturity.md,moderate overlap (review)
0.437,docs\ea-masterclass\module-05-ai-investment-strategy\index.md,docs\ea-masterclass\module-09-enterprise-ai-architecture\index.md,moderate overlap (review)
0.437,docs\coding-tools\claude\ccaf-exam-prep-complete.md,docs\coding-tools\claude\claude-best-practices.docx,moderate overlap (review)
0.434,docs\cybersec-architect\08-ai-governance.md,docs\interview-prep\Enterprise_Architect_in_the_Age_of_AI.md,moderate overlap (review)
0.434,docs\coding-tools\code-review\PR_Review_Handbook_Vol3_AI_Assisted_Review.pdf,docs\coding-tools\code-review\PR_Review_Handbook_Vol4_Agentic_Review_Architecture.pdf,moderate overlap (review)
0.434,docs\coding-tools\claude\ccaf-exam-prep-complete.md,docs\coding-tools\claude\claude_agents_best_practices_v2.pdf,moderate overlap (review)
0.434,docs\cloud-platforms\kubernetes\K8s_Handbook_Part3_Containers.pdf,docs\cloud-platforms\kubernetes\K8s_Handbook_Part4_Kubernetes_Internals.pdf,moderate overlap (review)
0.434,docs\cloud-platforms\kubernetes\K8s_Handbook_Part10_Observability.pdf,docs\cloud-platforms\kubernetes\K8s_Handbook_Part14_Reference_Architectures.pdf,moderate overlap (review)
0.434,docs\ai-security-governance\policy\Vol3_Agent_Tool_MCP_Authorization.pdf,docs\ai-security-governance\policy\Vol5b_Compliance_Governance_Decision_Framework.pdf,moderate overlap (review)
0.434,docs\ai-security-governance\deep-mind\Part05_Runtime_AI_Security.pdf,docs\ai-security-governance\deep-mind\Part17_Best_Practices_Anti_Patterns.pdf,moderate overlap (review)
0.433,docs\ai-first-enterprise\ai-first-to-ai-native.md,docs\ea-masterclass\module-05-ai-investment-strategy\index.md,moderate overlap (review)
0.432,docs\enterprise-architecture\best-practices\EA_Glossary_CheatSheet.pdf,docs\interview-prep\ea\EA_Interview_Vol3_CTO_AI.pdf,moderate overlap (review)
0.431,docs\workflow-orchestration\02-evolution-timeline.md,docs\workflow-orchestration\20-decision-matrix.md,moderate overlap (review)
0.431,docs\coding-tools\github-copilot\Part06_Marketplace_Pages_Packages.pdf,docs\coding-tools\github-copilot\Part14_Enterprise_APIs_Apps_CLI.pdf,moderate overlap (review)
0.431,docs\coding-tools\code-review\PR_Review_Handbook_Vol3_AI_Assisted_Review.pdf,docs\coding-tools\code-review\PR_Review_Handbook_Vol5_Case_Studies_Maturity_Model.pdf,moderate overlap (review)
0.431,docs\coding-tools\claude\claude-agent-sdk-production.md,docs\coding-tools\claude\claude-enterprise-2026.md,moderate overlap (review)
0.431,docs\ai-protocols\auth\Part3_Identity_OBO_Sessions.pdf,docs\ai-protocols\auth\entra-3lo-agent-auth-standards-architecture.md,moderate overlap (review)
0.431,docs\ai-protocols\Part5_Marketplace_Architecture.pdf,docs\ai-security-governance\security\Part4_Runtime_Security_Governance.pdf,moderate overlap (review)
0.431,docs\ai-first-enterprise\00_Executive_Summary_and_AI_Vision.pdf,docs\ai-first-enterprise\05_Target_Operating_Model_and_Change.pdf,moderate overlap (review)
0.43,docs\ea-masterclass\deliverables\business-case-templates.md,docs\ea-masterclass\deliverables\index.md,moderate overlap (review)
0.43,docs\cloud-platforms\kubernetes\K8s_Handbook_Part14_Reference_Architectures.pdf,docs\cloud-platforms\kubernetes\K8s_Handbook_Part8_Security.pdf,moderate overlap (review)
0.43,docs\cloud-platforms\kubernetes\K8s_Handbook_Part10_Observability.pdf,docs\cloud-platforms\kubernetes\K8s_Handbook_Part3_Containers.pdf,moderate overlap (review)
0.43,docs\ai-security-governance\deep-mind\Part03_Enterprise_Threat_Modeling.pdf,docs\cybersec-architect\04-ai-security.md,moderate overlap (review)
0.43,docs\ai-first-enterprise\ai-first-to-ai-native.md,docs\sovereign-constitutional-ai\ai-governance-operating-model.md,moderate overlap (review)
0.429,docs\ea-masterclass\module-10-governance\index.md,docs\enterprise-architecture\architectural-review-board\Volume1_Governance_Ecosystem_Operating_Models.pdf,moderate overlap (review)
0.429,docs\ea-masterclass\module-05-ai-investment-strategy\index.md,docs\interview-prep\Enterprise_Architect_in_the_Age_of_AI.md,moderate overlap (review)
0.429,docs\coding-tools\enterprise-ai-architect\enterprise-ai-governance-compliance.md,docs\ea-masterclass\module-09-enterprise-ai-architecture\index.md,moderate overlap (review)
0.429,docs\coding-tools\claude\claude-api-mastery.md,docs\coding-tools\claude\claude-enterprise-2026.md,moderate overlap (review)
0.429,docs\ai-security-governance\deep-mind\Part13_AI_SOC.pdf,docs\ai-security-governance\deep-mind\Part17_Best_Practices_Anti_Patterns.pdf,moderate overlap (review)
0.429,docs\ai-security-governance\deep-mind\Part04_AI_Control_Architecture.pdf,docs\ai-security-governance\deep-mind\Part06_Identity_for_AI_Agents.pdf,moderate overlap (review)
0.429,docs\ai-protocols\protocol\AI_Protocols_Standards_Service_Industry_Guide_2026.pdf,docs\cybersec-architect\08-ai-governance.md,moderate overlap (review)
0.429,docs\ai-protocols\mcp\MCP_Deep_Research_2026.md.pdf,docs\ai-protocols\mcp\MCP_Harness_AIDLC.md.pdf,moderate overlap (review)
0.428,docs\interview-prep\EA_HITL_HOTL_HOOL_Interview_Questions.md,docs\interview-prep\EA_Senior_Interview_Questions.md,moderate overlap (review)
0.428,docs\enterprise-architecture\specialization\RFI_AI_Platform_Transcript.pdf,docs\enterprise-architecture\strategy\EA_AI_First_Transformation_Transcript.pdf,moderate overlap (review)
0.428,docs\coding-tools\github-copilot\Part01_Vision_Copilot_Architecture_RepoIntelligence.pdf,docs\coding-tools\github-copilot\Part13_CICD_Observability_Scaling.pdf,moderate overlap (review)
0.428,docs\cloud-platforms\kubernetes\K8s_Handbook_Part6_Kubernetes_Networking.pdf,docs\cloud-platforms\kubernetes\K8s_Handbook_Part8_Security.pdf,moderate overlap (review)
0.428,docs\cloud-platforms\kubernetes\K8s_Handbook_Part15_Implementation_Labs.pdf,docs\cloud-platforms\kubernetes\K8s_Handbook_Part4_Kubernetes_Internals.pdf,moderate overlap (review)
0.428,docs\agentic-systems\harness\Harness_Engineering_Research_Report.pdf,docs\agentic-systems\harness\index.md,moderate overlap (review)
0.427,docs\cybersec-architect\05-agentic-ai-security.md,docs\interview-prep\Agentic_AI_Platforms_Questionnaire_2025.pdf,moderate overlap (review)
0.427,docs\coding-tools\github-copilot\Part04_Runners_and_Runtime.pdf,docs\coding-tools\github-copilot\Part06_Marketplace_Pages_Packages.pdf,moderate overlap (review)
0.427,docs\coding-tools\claude\ccaf-exam-prep-complete.md,docs\coding-tools\enterprise-ai-architect\enterprise-ai-architect-foundations.md,moderate overlap (review)
0.427,docs\coding-tools\claude\Module_3_Prompt_Engineering.pdf,docs\coding-tools\claude\constitutional-ai-safety-2026.md,moderate overlap (review)
0.427,docs\cloud-platforms\kubernetes\K8s_Handbook_Part15_Implementation_Labs.pdf,docs\cloud-platforms\kubernetes\K8s_Handbook_Part5_Kubernetes_Resources.pdf,moderate overlap (review)
0.427,docs\cloud-platforms\kubernetes\K8s_Handbook_Part12_Agentic_AI.pdf,docs\cloud-platforms\kubernetes\K8s_Handbook_Part15_Implementation_Labs.pdf,moderate overlap (review)
0.427,docs\cloud-platforms\aws\AgentCore_Memory_Architecture_Guide.pdf,docs\cloud-platforms\aws\AgentCore_Memory_Operations_DeepDive.pdf,moderate overlap (review)
0.427,docs\ai-protocols\auth\EntraID_3LO_Agent_Auth_Volume3.pdf,docs\coding-tools\enterprise-ai-architect\agentic-ai-security-identity.md,moderate overlap (review)
0.427,docs\ai-first-enterprise\ai-first-to-ai-native.md,docs\cybersec-architect\14-case-studies.md,moderate overlap (review)
0.426,docs\coding-tools\claude\Module_1_Claude_Foundations.pdf,docs\coding-tools\claude\claude-enterprise-2026.md,moderate overlap (review)
0.426,docs\cloud-platforms\kubernetes\K8s_Handbook_Part11_AI_Infrastructure.pdf,docs\cloud-platforms\kubernetes\K8s_Handbook_Part1_Infrastructure_Evolution.pdf,moderate overlap (review)
0.426,docs\ai-security-governance\policy\Vol3_Agent_Tool_MCP_Authorization.pdf,docs\ai-security-governance\policy\Vol5_AWS_Implementation_Governance.pdf,moderate overlap (review)
0.426,docs\ai-security-governance\policy\Vol2_Identity_Claims_Policy.pdf,docs\ai-security-governance\policy\Vol4b_AWS_Entra_Federation_Patterns.pdf,moderate overlap (review)
0.426,docs\ai-protocols\auth\entra-3lo-agent-auth-standards-architecture.md,docs\ai-protocols\auth\index.md,moderate overlap (review)
0.426,docs\ai-first-enterprise\ai-first-to-ai-native.md,docs\coding-tools\enterprise-ai-architect\enterprise-ai-governance-compliance.md,moderate overlap (review)
0.425,docs\coding-tools\github-copilot\git-github-platform-engineering-handbook.md,docs\coding-tools\github-copilot\github-copilot-big-wins-research.pdf,moderate overlap (review)
0.425,docs\coding-tools\github-copilot\Part04_RAG_Agents_Models_Platform.pdf,docs\coding-tools\github-copilot\Part13_CICD_Observability_Scaling.pdf,moderate overlap (review)
0.425,docs\coding-tools\enterprise-ai-architect\enterprise-ai-architect-foundations.md,docs\enterprise-architecture\specialization\Principal_Enterprise_AI_Guide_Educative.pdf,moderate overlap (review)
0.425,docs\cloud-platforms\kubernetes\K8s_Handbook_Part2_Linux_Foundations.pdf,docs\cloud-platforms\kubernetes\K8s_Handbook_Part4_Kubernetes_Internals.pdf,moderate overlap (review)
0.425,docs\cloud-platforms\kubernetes\K8s_Handbook_Part11_AI_Infrastructure.pdf,docs\cloud-platforms\kubernetes\K8s_Handbook_Part14_Reference_Architectures.pdf,moderate overlap (review)
0.425,docs\cloud-platforms\aws\AWS_Native_Standards_First_Agentic_Architecture.pdf,docs\cloud-platforms\aws\index.md,moderate overlap (review)
0.425,docs\ai-security-governance\policy\Vol1b_Authorization_Deep_Dive.pdf,docs\ai-security-governance\policy\Vol5b_Compliance_Governance_Decision_Framework.pdf,moderate overlap (review)
0.425,docs\ai-security-governance\policy\Vol0_Series_Index_and_Overview.pdf,docs\ai-security-governance\policy\Vol5b_Compliance_Governance_Decision_Framework.pdf,moderate overlap (review)
0.425,docs\ai-protocols\mcp\MCP_Deep_Research_2026.md,docs\ai-protocols\mcp\MCP_Harness_AIDLC.md.pdf,moderate overlap (review)
0.424,docs\coding-tools\github-copilot\copilot-enterprise-playbook.pdf,docs\coding-tools\github-copilot\github-copilot-zero-to-hero.md,moderate overlap (review)
0.424,docs\ai-usecases\EU_Banking_AI_Evaluation_Compliance_Guide.md,docs\coding-tools\enterprise-ai-architect\enterprise-ai-governance-compliance.md,moderate overlap (review)
0.424,docs\ai-protocols\mcp\MCP_Deep_Research_2026.md,docs\coding-tools\claude\mcp-deep-guide.md,moderate overlap (review)
0.424,docs\ai-development\aidlc\AIDLC_Agile_CICD_AI_Transformation_2026.pdf,docs\ai-development\aidlc\Agile_in_the_Age_of_Agentic_AI_2026.docx,moderate overlap (review)
0.423,docs\workflow-orchestration\02-evolution-timeline.md,docs\workflow-orchestration\04-temporal-deep-dive.md,moderate overlap (review)
0.423,docs\coding-tools\enterprise-ai-architect\enterprise-ai-skills-assessment.md,docs\enterprise-architecture\specialization\Principal_Enterprise_AI_Guide_Educative.pdf,moderate overlap (review)
0.423,docs\coding-tools\enterprise-ai-architect\enterprise-ai-governance-compliance.md,docs\cybersec-architect\14-case-studies.md,moderate overlap (review)
0.423,docs\coding-tools\enterprise-ai-architect\enterprise-ai-architect-foundations.md,docs\interview-prep\Enterprise_Architect_in_the_Age_of_AI.md,moderate overlap (review)
0.423,docs\ai-security-governance\security\04-AI-SOC-Observability-RedTeam-Memory.pdf,docs\ai-security-governance\security\06-Operating-Model-Maturity-Roadmap.pdf,moderate overlap (review)
0.423,docs\ai-protocols\protocol\index.md,docs\coding-tools\enterprise-ai-architect\mcp-a2a-protocol-deep-dive.md,moderate overlap (review)
0.423,docs\ai-protocols\auth\entra-3lo-agent-auth-multiagent-compliance.md,docs\coding-tools\enterprise-ai-architect\agentic-ai-security-identity.md,moderate overlap (review)
0.422,docs\cloud-platforms\kubernetes\K8s_Handbook_Part16_Future_Outlook.pdf,docs\cloud-platforms\kubernetes\K8s_Handbook_Part5_Kubernetes_Resources.pdf,moderate overlap (review)
0.422,docs\ai-security-governance\policy\Vol3b_Agent_Authorization_Deep_Dive.pdf,docs\ai-security-governance\policy\Vol4_RAG_Memory_Data_Authorization.pdf,moderate overlap (review)
0.422,docs\ai-security-governance\deep-mind\Part09_Tool_Governance.pdf,docs\ai-security-governance\deep-mind\Part17_Best_Practices_Anti_Patterns.pdf,moderate overlap (review)
0.422,docs\ai-security-governance\deep-mind\Part02_Evolution_Enterprise_AI_Security.pdf,docs\ai-security-governance\deep-mind\Part05_Runtime_AI_Security.pdf,moderate overlap (review)
0.422,docs\ai-protocols\Part1_Industry_Survey.pdf,docs\ai-protocols\auth\tool-authentication-connectors.md,moderate overlap (review)
0.422,docs\ai-development\aidlc\Agile_in_the_Age_of_Agentic_AI_2026.docx,docs\interview-prep\Enterprise_Architect_in_the_Age_of_AI.md,moderate overlap (review)
0.422,docs\ai-development\aidlc\AIDLC_Agile_CICD_AI_Transformation_2026.pdf,docs\enterprise-architecture\strategy\Enterprise_AI_Transformation_Blueprint_CTO_Guide_2026.pdf,moderate overlap (review)
0.421,docs\sovereign-constitutional-ai\constitutional-ai-engineering.md,docs\sovereign-constitutional-ai\index.md,moderate overlap (review)
0.421,docs\cybersec-architect\11-ai-investment.md,docs\cybersec-architect\index.md,moderate overlap (review)
0.421,docs\ai-security-governance\policy\Vol1b_Authorization_Deep_Dive.pdf,docs\ai-security-governance\policy\Vol4b_AWS_Entra_Federation_Patterns.pdf,moderate overlap (review)
0.421,docs\ai-security-governance\deep-mind\Part04_AI_Control_Architecture.pdf,docs\ai-security-governance\deep-mind\Part05_Runtime_AI_Security.pdf,moderate overlap (review)
0.421,docs\ai-protocols\auth\EntraID_3LO_Agent_Auth_Research.pdf,docs\ai-protocols\auth\index.md,moderate overlap (review)
0.42,docs\ea-masterclass\module-01-ea-foundations\index.md,docs\ea-masterclass\module-10-governance\index.md,moderate overlap (review)
0.42,docs\coding-tools\enterprise-ai-architect\enterprise-ai-governance-compliance.md,docs\enterprise-architecture\specialization\Principal_Enterprise_AI_Guide_Educative.pdf,moderate overlap (review)
0.42,docs\cloud-platforms\kubernetes\K8s_Handbook_Part14_Reference_Architectures.pdf,docs\cloud-platforms\kubernetes\K8s_Handbook_Part9_Platform_Engineering.pdf,moderate overlap (review)
0.419,docs\workflow-orchestration\02-evolution-timeline.md,docs\workflow-orchestration\05-camunda-deep-dive.md,moderate overlap (review)
0.419,docs\enterprise-architecture\specialization\Enterprise_Data_Architect_AI_GenAI.pdf,docs\enterprise-architecture\specialization\Enterprise_Manager_AI_GenAI.pdf,moderate overlap (review)
0.419,docs\ai-protocols\Part5_Marketplace_Architecture.pdf,docs\ai-protocols\auth\entra-3lo-agent-auth-standards-architecture.md,moderate overlap (review)
0.418,docs\sovereign-constitutional-ai\constitutional-agent-architecture.md,docs\sovereign-constitutional-ai\index.md,moderate overlap (review)
0.418,docs\enterprise-architecture\process\EA_Real_Life_Transcript.pdf,docs\enterprise-architecture\strategy\EA_AI_First_Transformation_Transcript.pdf,moderate overlap (review)
0.418,docs\coding-tools\github-copilot\Part06_Marketplace_Pages_Packages.pdf,docs\coding-tools\github-copilot\Part13_CICD_Observability_Scaling.pdf,moderate overlap (review)
0.418,docs\coding-tools\enterprise-ai-architect\enterprise-ai-skills-assessment.md,docs\sovereign-constitutional-ai\sovereign-ai-roadmap-maturity.md,moderate overlap (review)
0.418,docs\coding-tools\enterprise-ai-architect\enterprise-ai-architect-foundations.md,docs\enterprise-architecture\process\Enterprise_AI_Architect_Bible_2026.pdf,moderate overlap (review)
0.418,docs\ai-security-governance\security\05-Economic-Security-FinOps-Commerce-PQC.pdf,docs\ai-security-governance\security\06-Operating-Model-Maturity-Roadmap.pdf,moderate overlap (review)
0.418,docs\ai-security-governance\security\01-Foundations-Reference-Architecture.pdf,docs\cybersec-architect\05-agentic-ai-security.md,moderate overlap (review)
0.418,docs\ai-development\aidlc\AIDLC_Enterprise_Framework_2025.pdf,docs\coding-tools\enterprise-ai-architect\enterprise-ai-governance-compliance.md,moderate overlap (review)
0.417,docs\cloud-platforms\kubernetes\K8s_Handbook_Part14_Reference_Architectures.pdf,docs\cloud-platforms\kubernetes\K8s_Handbook_Part16_Future_Outlook.pdf,moderate overlap (review)
0.417,docs\ai-development\testing\AI Agent Evaluation Framework — AWS Bedrock AgentCore · Strands · Arize Phoenix.pdf,docs\ai-development\testing\AI_Agent_Evaluation_Framework_Complete.pdf,moderate overlap (review)
0.417,docs\ai-development\aidlc\AIDLC_Enterprise_Framework_2025.pdf,docs\cybersec-architect\08-ai-governance.md,moderate overlap (review)
0.416,docs\cybersec-architect\01-evolution.md,docs\cybersec-architect\03-security-domains.md,moderate overlap (review)
0.416,docs\cloud-platforms\kubernetes\K8s_Handbook_Part2_Linux_Foundations.pdf,docs\cloud-platforms\kubernetes\K8s_Handbook_Part6_Kubernetes_Networking.pdf,moderate overlap (review)
0.416,docs\ai-security-governance\security\02-Identity-MCP-A2A-Security-Blueprint.pdf,docs\cybersec-architect\05-agentic-ai-security.md,moderate overlap (review)
0.416,docs\ai-security-governance\policy\Vol2_Identity_Claims_Policy.pdf,docs\ai-security-governance\policy\Vol3b_Agent_Authorization_Deep_Dive.pdf,moderate overlap (review)
0.416,docs\ai-security-governance\deep-mind\Part16_Reference_Architecture.pdf,docs\ai-security-governance\deep-mind\Part17_Best_Practices_Anti_Patterns.pdf,moderate overlap (review)
0.416,docs\ai-protocols\mcp\MCP_Deep_Research_2026.md.pdf,docs\coding-tools\claude\mcp-deep-guide.md,moderate overlap (review)
0.416,docs\ai-protocols\auth\EntraID_3LO_Agent_Auth_Volume3.pdf,docs\cybersec-architect\05-agentic-ai-security.md,moderate overlap (review)
0.415,docs\enterprise-architecture\process\Enterprise_AI_Architect_Bible_2026.pdf,docs\enterprise-architecture\specialization\Principal_Enterprise_AI_Guide_Educative.pdf,moderate overlap (review)
0.415,docs\ea-masterclass\module-15-distinguished-architect\executive-presence.md,docs\interview-prep\EA_Soft_Skills_and_Behaviors.md,moderate overlap (review)
0.415,docs\cybersec-architect\08-ai-governance.md,docs\ea-masterclass\module-05-ai-investment-strategy\index.md,moderate overlap (review)
0.415,docs\ai-protocols\auth\EntraID_3LO_Agent_Auth_Research.pdf,docs\ai-protocols\auth\Part3_Identity_OBO_Sessions.pdf,moderate overlap (review)
0.415,docs\ai-protocols\Part5_Marketplace_Architecture.pdf,docs\ai-protocols\auth\EntraID_3LO_Agent_Auth_Research.pdf,moderate overlap (review)
0.415,docs\ai-foundations\agentic_ai_landing_zone_architecture.md,docs\ai-foundations\agentic_ai_landing_zone_business_layer.md,moderate overlap (review)
0.414,docs\sovereign-constitutional-ai\constitutional-agent-architecture.md,docs\sovereign-constitutional-ai\sovereign-ai-roadmap-maturity.md,moderate overlap (review)
0.414,docs\coding-tools\enterprise-ai-architect\enterprise-ai-governance-compliance.md,docs\sovereign-constitutional-ai\ai-governance-operating-model.md,moderate overlap (review)
0.414,docs\cloud-platforms\kubernetes\K8s_Handbook_Part2_Linux_Foundations.pdf,docs\cloud-platforms\kubernetes\K8s_Handbook_Part3_Containers.pdf,moderate overlap (review)
0.414,docs\ai-usecases\01_aviation.pdf,docs\ai-usecases\Case_06_Skyline_Disruption_Control_Tower.pdf,moderate overlap (review)
0.414,docs\ai-security-governance\policy\Vol3_Agent_Tool_MCP_Authorization.pdf,docs\ai-security-governance\policy\Vol4_RAG_Memory_Data_Authorization.pdf,moderate overlap (review)
0.414,docs\ai-security-governance\deep-mind\Part16_Reference_Architecture.pdf,docs\ai-security-governance\deep-mind\Part18_Future_Outlook_2026_2035.pdf,moderate overlap (review)
0.414,docs\ai-security-governance\deep-mind\Part02_Evolution_Enterprise_AI_Security.pdf,docs\ai-security-governance\deep-mind\Part15_Cloud_Implementation_Comparison.pdf,moderate overlap (review)
0.414,docs\ai-protocols\auth\entra-3lo-agent-auth-multiagent-compliance.md,docs\ai-protocols\auth\index.md,moderate overlap (review)
0.414,docs\ai-first-enterprise\ai-first-to-ai-native.md,docs\interview-prep\Enterprise_Architect_in_the_Age_of_AI.md,moderate overlap (review)
0.413,docs\ai-usecases\03_healthcare.pdf,docs\ea-masterclass\module-13-case-studies\healthcare.md,moderate overlap (review)
0.413,docs\ai-security-governance\index.md,docs\cybersec-architect\index.md,moderate overlap (review)
0.413,docs\ai-security-governance\deep-mind\Part15_Cloud_Implementation_Comparison.pdf,docs\ai-security-governance\deep-mind\Part18_Future_Outlook_2026_2035.pdf,moderate overlap (review)
0.413,docs\ai-development\aidlc\AIDLC_Agile_CICD_AI_Transformation_2026.pdf,docs\ai-development\aidlc\EA_AIDLC_Deep_Research_2026.pdf,moderate overlap (review)
0.412,docs\coding-tools\github-copilot\Part11_Security_Governance.pdf,docs\coding-tools\github-copilot\github-copilot-zero-to-hero.md,moderate overlap (review)
0.412,docs\coding-tools\claude\Module_5_Claude_Code_Agents.pdf,docs\coding-tools\claude\claude_agents_best_practices_v2.pdf,moderate overlap (review)
0.412,docs\ai-security-governance\deep-mind\Part03_Enterprise_Threat_Modeling.pdf,docs\ai-security-governance\deep-mind\Part04_AI_Control_Architecture.pdf,moderate overlap (review)
0.412,docs\ai-development\testing\AI Agent Evaluation Framework — AWS Bedrock AgentCore · Strands · Arize Phoenix.pdf,docs\ai-usecases\EU Banking AI Agent Evaluation Framework.pdf,moderate overlap (review)
0.412,docs\agentic-systems\platform\MultiTenantAgentPlatform_Architecture.pdf,docs\agentic-systems\platform\agentic_platform_bestpractices.docx,moderate overlap (review)
0.411,docs\workflow-orchestration\03-workflow-vs-agent-architecture.md,docs\workflow-orchestration\21-future-predictions.md,moderate overlap (review)
0.411,docs\ea-masterclass\module-09-enterprise-ai-architecture\index.md,docs\enterprise-architecture\process\Enterprise_AI_Architect_Bible_2026.pdf,moderate overlap (review)
0.411,docs\ai-security-governance\security\01-Foundations-Reference-Architecture.pdf,docs\ai-security-governance\security\06-Operating-Model-Maturity-Roadmap.pdf,moderate overlap (review)
0.41,docs\enterprise-architecture\process\ai-solution-lifecycle-deliverables.md,docs\sovereign-constitutional-ai\sovereign-ai-roadmap-maturity.md,moderate overlap (review)
0.41,docs\cybersec-architect\03-security-domains.md,docs\cybersec-architect\07-cloud-security.md,moderate overlap (review)
0.41,docs\coding-tools\enterprise-ai-architect\enterprise-ai-architect-foundations.md,docs\ea-masterclass\module-05-ai-investment-strategy\index.md,moderate overlap (review)
0.41,docs\coding-tools\claude\Module_3_Prompt_Engineering.pdf,docs\coding-tools\claude\ccaf-exam-prep-complete.md,moderate overlap (review)
0.41,docs\ai-security-governance\deep-mind\Part02_Evolution_Enterprise_AI_Security.pdf,docs\ai-security-governance\deep-mind\Part11_Multi_Agent_Security.pdf,moderate overlap (review)
0.41,docs\ai-protocols\protocol\AI_Protocols_Standards_Service_Industry_Guide_2026.pdf,docs\coding-tools\enterprise-ai-architect\enterprise-ai-governance-compliance.md,moderate overlap (review)
0.41,docs\ai-protocols\auth\entra-3lo-agent-auth-implementation.md,docs\ai-protocols\auth\entra-3lo-agent-auth-multiagent-compliance.md,moderate overlap (review)
0.41,docs\agentic-ui\governance.md,docs\coding-tools\enterprise-ai-architect\enterprise-ai-governance-compliance.md,moderate overlap (review)
0.409,docs\sovereign-constitutional-ai\rai-operating-model.md,docs\sovereign-constitutional-ai\sovereign-ai-roadmap-maturity.md,moderate overlap (review)
0.409,docs\ea-masterclass\module-15-distinguished-architect\executive-presence.md,docs\ea-masterclass\module-15-distinguished-architect\index.md,moderate overlap (review)
0.409,docs\ea-masterclass\module-03-proposal-lifecycle\index.md,docs\ea-masterclass\module-14-mentoring\index.md,moderate overlap (review)
0.409,docs\coding-tools\enterprise-ai-architect\enterprise-ai-skills-assessment.md,docs\cybersec-architect\08-ai-governance.md,moderate overlap (review)
0.409,docs\cloud-platforms\kubernetes\K8s_Handbook_Part16_Future_Outlook.pdf,docs\cloud-platforms\kubernetes\K8s_Handbook_Part4_Kubernetes_Internals.pdf,moderate overlap (review)
0.409,docs\cloud-platforms\kubernetes\K8s_Handbook_Part10_Observability.pdf,docs\cloud-platforms\kubernetes\K8s_Handbook_Part6_Kubernetes_Networking.pdf,moderate overlap (review)
0.409,docs\ai-security-governance\deep-mind\Part03_Enterprise_Threat_Modeling.pdf,docs\ai-security-governance\deep-mind\Part11_Multi_Agent_Security.pdf,moderate overlap (review)
0.409,docs\ai-security-governance\deep-mind\Part01_DeepMind_AI_Control_Roadmap.pdf,docs\ai-security-governance\deep-mind\Part03_Enterprise_Threat_Modeling.pdf,moderate overlap (review)
0.409,docs\ai-first-enterprise\05_Target_Operating_Model_and_Change.pdf,docs\ai-first-enterprise\06_Roadmap_Financials_KPIs_and_Risk.pdf,moderate overlap (review)
0.408,docs\knowledge-engineering\industry-practices\governance-rai.md,docs\knowledge-engineering\industry-practices\index.md,moderate overlap (review)
0.408,docs\cybersec-architect\08-ai-governance.md,docs\knowledge-engineering\industry-practices\governance-rai.md,moderate overlap (review)
0.408,docs\coding-tools\github-copilot\Part11_Security_Governance.pdf,docs\coding-tools\github-copilot\Part13_CICD_Observability_Scaling.pdf,moderate overlap (review)
0.408,docs\ai-security-governance\deep-mind\Part06_Identity_for_AI_Agents.pdf,docs\ai-security-governance\deep-mind\Part18_Future_Outlook_2026_2035.pdf,moderate overlap (review)
0.408,docs\ai-protocols\auth\entra-3lo-agent-auth-multiagent-compliance.md,docs\cybersec-architect\05-agentic-ai-security.md,moderate overlap (review)
0.407,docs\cybersec-architect\08-ai-governance.md,docs\sovereign-constitutional-ai\ai-governance-operating-model.md,moderate overlap (review)
0.407,docs\coding-tools\enterprise-ai-architect\agentic-ai-security-identity.md,docs\interview-prep\Agentic_AI_Platforms_Questionnaire_2025.pdf,moderate overlap (review)
0.406,docs\cybersec-architect\08-ai-governance.md,docs\sovereign-constitutional-ai\democratic-ai-public-interest.md,moderate overlap (review)
0.406,docs\coding-tools\claude\ccaf-exam-prep-complete.md,docs\coding-tools\claude\constitutional-ai-safety-2026.md,moderate overlap (review)
0.406,docs\cloud-platforms\kubernetes\K8s_Handbook_Part10_Observability.pdf,docs\cloud-platforms\kubernetes\K8s_Handbook_Part15_Implementation_Labs.pdf,moderate overlap (review)
0.406,docs\ai-protocols\protocol\AI_Protocols_Standards_Service_Industry_Guide_2026.pdf,docs\enterprise-architecture\strategy\Enterprise_AI_Transformation_Blueprint_CTO_Guide_2026.pdf,moderate overlap (review)
0.405,docs\sovereign-constitutional-ai\democratic-ai-public-interest.md,docs\sovereign-constitutional-ai\index.md,moderate overlap (review)
0.405,docs\enterprise-architecture\specialization\Principal_Enterprise_AI_Guide_Educative.pdf,docs\interview-prep\Enterprise_Architect_in_the_Age_of_AI.md,moderate overlap (review)
0.405,docs\ea-masterclass\module-14-mentoring\index.md,docs\interview-prep\EA_Soft_Skills_and_Behaviors.md,moderate overlap (review)
0.405,docs\coding-tools\enterprise-ai-architect\agent-interoperability-orchestration.md,docs\cybersec-architect\05-agentic-ai-security.md,moderate overlap (review)
0.405,docs\ai-security-governance\policy\Vol1_Executive_Architecture.pdf,docs\ai-security-governance\policy\Vol3_Agent_Tool_MCP_Authorization.pdf,moderate overlap (review)
0.405,docs\ai-security-governance\deep-mind\Part04_AI_Control_Architecture.pdf,docs\ai-security-governance\deep-mind\Part16_Reference_Architecture.pdf,moderate overlap (review)
0.405,docs\ai-security-governance\deep-mind\Part02_Evolution_Enterprise_AI_Security.pdf,docs\cybersec-architect\01-evolution.md,moderate overlap (review)
0.405,docs\agentic-ui\agent-ux-patterns.md,docs\agentic-ui\agui-standards-landscape.md,moderate overlap (review)
0.404,docs\ea-masterclass\deliverables\index.md,docs\ea-masterclass\index.md,moderate overlap (review)
0.404,docs\ea-masterclass\deliverables\governance-templates.md,docs\ea-masterclass\module-10-governance\index.md,moderate overlap (review)
0.404,docs\coding-tools\enterprise-ai-architect\agent-communication-identity-gateway.md,docs\coding-tools\enterprise-ai-architect\agentic-ai-security-identity.md,moderate overlap (review)
0.404,docs\coding-tools\claude\Module_5_Claude_Code_Agents.pdf,docs\coding-tools\claude\ccaf-exam-prep-complete.md,moderate overlap (review)
0.404,docs\cloud-platforms\kubernetes\K8s_Handbook_Part16_Future_Outlook.pdf,docs\cloud-platforms\kubernetes\K8s_Handbook_Part3_Containers.pdf,moderate overlap (review)
0.404,docs\ai-security-governance\deep-mind\Part07_AI_Authorization.pdf,docs\ai-security-governance\policy\Vol1_Executive_Architecture.pdf,moderate overlap (review)
0.403,docs\sovereign-constitutional-ai\ai-governance-operating-model.md,docs\sovereign-constitutional-ai\index.md,moderate overlap (review)
0.403,docs\cybersec-architect\02-enterprise-security-architecture.md,docs\cybersec-architect\index.md,moderate overlap (review)
0.403,docs\coding-tools\github-copilot\Part04_Runners_and_Runtime.pdf,docs\coding-tools\github-copilot\Part13_CICD_Observability_Scaling.pdf,moderate overlap (review)
0.403,docs\coding-tools\github-copilot\GitHub_Copilot_Enterprise_Research_2026.pdf,docs\coding-tools\github-copilot\git-github-platform-engineering-handbook.md,moderate overlap (review)
0.403,docs\coding-tools\github-copilot\GitHub_Copilot_Enterprise_Research_2026.pdf,docs\coding-tools\github-copilot\Part04_RAG_Agents_Models_Platform.pdf,moderate overlap (review)
0.403,docs\coding-tools\claude\claude-agent-sdk-production.md,docs\coding-tools\claude\constitutional-ai-safety-2026.md,moderate overlap (review)
0.403,docs\cloud-platforms\kubernetes\K8s_Handbook_Part14_Reference_Architectures.pdf,docs\cloud-platforms\kubernetes\K8s_Handbook_Part15_Implementation_Labs.pdf,moderate overlap (review)
0.403,docs\ai-security-governance\deep-mind\Part04_AI_Control_Architecture.pdf,docs\ai-security-governance\deep-mind\Part07_AI_Authorization.pdf,moderate overlap (review)
0.402,docs\ea-masterclass\index.md,docs\ea-masterclass\module-01-ea-foundations\index.md,moderate overlap (review)
0.402,docs\cybersec-architect\14-case-studies.md,docs\interview-prep\Enterprise_Architect_in_the_Age_of_AI.md,moderate overlap (review)
0.402,docs\ai-security-governance\security\01-Foundations-Reference-Architecture.pdf,docs\ai-security-governance\security\08-Architects-Field-Guide.pdf,moderate overlap (review)
0.402,docs\ai-foundations\agentic_ai_landing_zone_architecture.md,docs\ea-masterclass\module-09-enterprise-ai-architecture\index.md,moderate overlap (review)
0.401,docs\coding-tools\enterprise-ai-architect\agentic-ai-reliability-observability-governance.md,docs\coding-tools\enterprise-ai-architect\ai-harness-architecture-orchestration.md,moderate overlap (review)
0.401,docs\ai-usecases\CEO_Agent_Failure_Modes_Governance_Harness.pdf,docs\ai-usecases\CEO_Agent_Solution_Blueprint.pdf,moderate overlap (review)
0.401,docs\ai-protocols\protocol\AI_Protocols_Standards_Service_Industry_Guide_2026.pdf,docs\interview-prep\Enterprise_Architect_in_the_Age_of_AI.md,moderate overlap (review)
0.401,docs\ai-protocols\auth\EntraID_3LO_Agent_Auth_Volume3.pdf,docs\ai-protocols\auth\entra-3lo-agent-auth-implementation.md,moderate overlap (review)
0.4,docs\ea-masterclass\module-14-mentoring\index.md,docs\ea-masterclass\module-15-distinguished-architect\architecture-leadership.md,moderate overlap (review)
0.4,docs\ai-security-governance\security\05-Economic-Security-FinOps-Commerce-PQC.pdf,docs\ai-security-governance\security\07-Zero-to-Mastery-Curriculum.pdf,moderate overlap (review)
